date,city,temp_celsius,rainfall_mm,is_rainy
2024-01-01,Delhi,14.4,0.0,False
2024-01-02,Delhi,19.0,15.4,True
2024-01-03,Delhi,18.2,0.0,False
2024-01-04,Delhi,17.0,0.0,False
2024-01-05,Delhi,17.6,0.0,False
2024-01-06,Delhi,19.9,0.0,False
2024-01-07,Delhi,21.1,0.0,False
2024-01-08,Delhi,16.5,0.0,False
2024-01-09,Delhi,15.7,0.0,False
2024-01-10,Delhi,18.5,0.0,False
2024-01-11,Delhi,19.9,0.0,False
2024-01-12,Delhi,20.4,0.0,False
2024-01-13,Delhi,20.1,0.0,False
2024-01-14,Delhi,22.9,0.0,False
2024-01-15,Delhi,15.9,0.0,False
2024-01-16,Delhi,19.3,,False
2024-01-17,Delhi,24.7,0.0,False
2024-01-18,Delhi,18.8,0.0,False
2024-01-19,Delhi,23.1,0.0,False
2024-01-20,Delhi,18.1,0.0,False
2024-01-21,Delhi,21.1,0.0,False
2024-01-22,Delhi,23.9,0.0,False
2024-01-23,Delhi,21.1,0.0,False
2024-01-24,Delhi,19.5,0.0,False
2024-01-25,Delhi,19.7,0.0,False
2024-01-26,Delhi,19.9,0.0,False
2024-01-27,Delhi,20.5,0.0,False
2024-01-28,Delhi,26.1,0.0,False
2024-01-29,Delhi,18.7,0.0,False
2024-01-30,Delhi,22.6,9.4,True
2024-01-31,Delhi,21.7,0.0,False
2024-02-01,Delhi,24.2,0.0,False
2024-02-02,Delhi,22.5,0.0,False
2024-02-03,Delhi,23.3,0.0,False
2024-02-04,Delhi,22.2,0.0,False
2024-02-05,Delhi,25.3,0.0,False
2024-02-06,Delhi,25.7,0.0,False
2024-02-07,Delhi,24.5,0.0,False
2024-02-08,Delhi,26.1,0.0,False
2024-02-09,Delhi,30.1,0.0,False
2024-02-10,Delhi,25.5,0.0,False
2024-02-11,Delhi,23.7,0.0,False
2024-02-12,Delhi,24.9,0.0,False
2024-02-13,Delhi,27.2,0.0,False
2024-02-14,Delhi,23.3,0.0,False
2024-02-15,Delhi,21.3,0.0,False
2024-02-16,Delhi,23.4,0.0,False
2024-02-17,Delhi,25.6,0.0,False
2024-02-18,Delhi,24.8,15.5,True
2024-02-19,Delhi,29.6,0.0,False
2024-02-20,Delhi,28.3,0.0,False
2024-02-21,Delhi,24.6,0.0,False
2024-02-22,Delhi,25.9,0.0,False
2024-02-23,Delhi,25.5,47.0,True
2024-02-24,Delhi,25.3,0.0,False
2024-02-25,Delhi,31.6,0.0,False
2024-02-26,Delhi,27.7,0.0,False
2024-02-27,Delhi,25.1,0.0,False
2024-02-28,Delhi,28.5,0.0,False
2024-02-29,Delhi,27.5,0.0,False
2024-03-01,Delhi,30.3,0.0,False
2024-03-02,Delhi,26.0,0.0,False
2024-03-03,Delhi,28.8,0.0,False
2024-03-04,Delhi,23.8,,False
2024-03-05,Delhi,28.0,0.0,False
2024-03-06,Delhi,25.1,0.0,False
2024-03-07,Delhi,28.6,0.0,False
2024-03-08,Delhi,29.3,0.0,False
2024-03-09,Delhi,29.7,0.0,False
2024-03-10,Delhi,27.3,0.0,False
2024-03-11,Delhi,29.1,0.0,False
2024-03-12,Delhi,31.9,0.0,False
2024-03-13,Delhi,33.5,0.0,False
2024-03-14,Delhi,29.7,0.0,False
2024-03-15,Delhi,32.4,0.0,False
2024-03-16,Delhi,27.5,0.0,False
2024-03-17,Delhi,28.9,0.0,False
2024-03-18,Delhi,30.7,0.0,False
2024-03-19,Delhi,29.9,0.0,False
2024-03-20,Delhi,29.8,0.0,False
2024-03-21,Delhi,33.1,0.0,False
2024-03-22,Delhi,28.1,0.0,False
2024-03-23,Delhi,28.5,0.0,False
2024-03-24,Delhi,27.7,0.9,True
2024-03-25,Delhi,33.1,0.0,False
2024-03-26,Delhi,29.0,0.0,False
2024-03-27,Delhi,30.1,0.0,False
2024-03-28,Delhi,27.8,0.0,False
2024-03-29,Delhi,34.3,0.0,False
2024-03-30,Delhi,34.0,0.0,False
2024-03-31,Delhi,30.7,0.0,False
2024-04-01,Delhi,36.6,0.0,False
2024-04-02,Delhi,34.1,0.0,False
2024-04-03,Delhi,30.7,0.0,False
2024-04-04,Delhi,33.0,0.0,False
2024-04-05,Delhi,31.7,0.0,False
2024-04-06,Delhi,34.3,0.0,False
2024-04-07,Delhi,33.4,0.0,False
2024-04-08,Delhi,35.2,0.0,False
2024-04-09,Delhi,37.2,0.0,False
2024-04-10,Delhi,35.2,0.0,False
2024-04-11,Delhi,31.1,0.0,False
2024-04-12,Delhi,33.9,0.0,False
2024-04-13,Delhi,35.1,0.0,False
2024-04-14,Delhi,35.4,0.0,False
2024-04-15,Delhi,32.1,0.0,False
2024-04-16,Delhi,33.9,0.0,False
2024-04-17,Delhi,35.9,0.0,False
2024-04-18,Delhi,31.6,0.0,False
2024-04-19,Delhi,33.7,0.0,False
2024-04-20,Delhi,36.9,0.0,False
2024-04-21,Delhi,38.3,0.0,False
2024-04-22,Delhi,34.6,0.0,False
2024-04-23,Delhi,30.7,0.0,False
2024-04-24,Delhi,34.3,1.5,True
2024-04-25,Delhi,32.1,0.0,False
2024-04-26,Delhi,39.2,0.0,False
2024-04-27,Delhi,34.0,0.0,False
2024-04-28,Delhi,38.2,0.0,False
2024-04-29,Delhi,31.9,0.0,False
2024-04-30,Delhi,38.1,0.0,False
2024-05-01,Delhi,32.8,0.0,False
2024-05-02,Delhi,36.3,0.0,False
2024-05-03,Delhi,37.1,0.0,False
2024-05-04,Delhi,35.4,0.0,False
2024-05-05,Delhi,36.1,11.7,True
2024-05-06,Delhi,40.6,0.0,False
2024-05-07,Delhi,39.7,0.0,False
2024-05-08,Delhi,39.4,0.0,False
2024-05-09,Delhi,36.7,3.0,True
2024-05-10,Delhi,37.2,0.0,False
2024-05-11,Delhi,36.6,0.0,False
2024-05-12,Delhi,30.7,38.4,True
2024-05-13,Delhi,35.9,0.0,False
2024-05-14,Delhi,40.1,0.0,False
2024-05-15,Delhi,41.5,0.0,False
2024-05-16,Delhi,37.5,0.0,False
2024-05-17,Delhi,33.5,0.0,False
2024-05-18,Delhi,30.7,0.0,False
2024-05-19,Delhi,36.9,0.0,False
2024-05-20,Delhi,35.7,0.0,False
2024-05-21,Delhi,39.6,0.0,False
2024-05-22,Delhi,35.7,0.0,False
2024-05-23,Delhi,38.7,0.0,False
2024-05-24,Delhi,32.0,0.0,False
2024-05-25,Delhi,38.1,0.0,False
2024-05-26,Delhi,36.8,0.0,False
2024-05-27,Delhi,42.0,0.0,False
2024-05-28,Delhi,38.8,0.0,False
2024-05-29,Delhi,38.7,0.0,False
2024-05-30,Delhi,35.8,0.0,False
2024-05-31,Delhi,35.5,0.0,False
2024-06-01,Delhi,35.5,1.6,True
2024-06-02,Delhi,36.9,0.0,False
2024-06-03,Delhi,38.3,0.0,False
2024-06-04,Delhi,38.8,0.0,False
2024-06-05,Delhi,35.4,0.0,False
2024-06-06,Delhi,34.4,,False
2024-06-07,Delhi,39.7,26.2,True
2024-06-08,Delhi,36.7,54.2,True
2024-06-09,Delhi,39.4,15.3,True
2024-06-10,Delhi,37.2,0.0,False
2024-06-11,Delhi,37.9,0.0,False
2024-06-12,Delhi,37.7,3.7,True
2024-06-13,Delhi,37.8,0.0,False
2024-06-14,Delhi,34.7,3.9,True
2024-06-15,Delhi,36.3,0.0,False
2024-06-16,Delhi,33.8,29.0,True
2024-06-17,Delhi,42.3,0.0,False
2024-06-18,Delhi,34.0,31.6,True
2024-06-19,Delhi,33.1,18.0,True
2024-06-20,Delhi,35.9,0.0,False
2024-06-21,Delhi,38.0,37.6,True
2024-06-22,Delhi,33.5,0.0,False
2024-06-23,Delhi,32.4,0.0,False
2024-06-24,Delhi,35.3,17.8,True
2024-06-25,Delhi,32.9,0.0,False
2024-06-26,Delhi,34.5,26.7,True
2024-06-27,Delhi,33.5,12.4,True
2024-06-28,Delhi,36.1,0.0,False
2024-06-29,Delhi,32.4,0.0,False
2024-06-30,Delhi,34.4,0.0,False
2024-07-01,Delhi,37.8,0.0,False
2024-07-02,Delhi,36.3,0.0,False
2024-07-03,Delhi,37.1,0.0,False
2024-07-04,Delhi,35.2,26.1,True
2024-07-05,Delhi,31.8,0.0,False
2024-07-06,Delhi,34.5,14.8,True
2024-07-07,Delhi,38.5,0.0,False
2024-07-08,Delhi,37.4,0.0,False
2024-07-09,Delhi,33.7,0.0,False
2024-07-10,Delhi,33.8,0.0,False
2024-07-11,Delhi,36.4,2.1,True
2024-07-12,Delhi,34.6,29.9,True
2024-07-13,Delhi,33.3,44.1,True
2024-07-14,Delhi,37.0,31.4,True
2024-07-15,Delhi,32.8,5.5,True
2024-07-16,Delhi,30.8,4.3,True
2024-07-17,Delhi,31.9,0.0,False
2024-07-18,Delhi,34.3,4.5,True
2024-07-19,Delhi,38.9,18.0,True
2024-07-20,Delhi,31.1,0.0,False
2024-07-21,Delhi,35.9,23.8,True
2024-07-22,Delhi,38.1,0.0,False
2024-07-23,Delhi,34.8,0.0,False
2024-07-24,Delhi,31.4,0.0,False
2024-07-25,Delhi,30.6,0.0,False
2024-07-26,Delhi,31.1,0.0,False
2024-07-27,Delhi,29.7,0.0,False
2024-07-28,Delhi,31.2,21.6,True
2024-07-29,Delhi,30.9,0.0,False
2024-07-30,Delhi,33.1,0.0,False
2024-07-31,Delhi,30.7,24.8,True
2024-08-01,Delhi,29.7,0.0,False
2024-08-02,Delhi,28.7,0.0,False
2024-08-03,Delhi,32.2,0.0,False
2024-08-04,Delhi,34.5,11.2,True
2024-08-05,Delhi,30.9,1.2,True
2024-08-06,Delhi,32.7,0.0,False
2024-08-07,Delhi,32.4,0.7,True
2024-08-08,Delhi,31.1,0.0,False
2024-08-09,Delhi,28.7,0.0,False
2024-08-10,Delhi,35.4,0.0,False
2024-08-11,Delhi,31.9,9.3,True
2024-08-12,Delhi,25.3,0.0,False
2024-08-13,Delhi,26.5,8.8,True
2024-08-14,Delhi,25.0,0.0,False
2024-08-15,Delhi,28.2,0.0,False
2024-08-16,Delhi,30.4,3.6,True
2024-08-17,Delhi,33.0,7.6,True
2024-08-18,Delhi,28.3,7.2,True
2024-08-19,Delhi,24.5,0.7,True
2024-08-20,Delhi,27.7,2.2,True
2024-08-21,Delhi,34.0,0.0,False
2024-08-22,Delhi,31.0,9.2,True
2024-08-23,Delhi,28.1,9.6,True
2024-08-24,Delhi,30.2,0.0,False
2024-08-25,Delhi,27.8,0.0,False
2024-08-26,Delhi,25.5,0.0,False
2024-08-27,Delhi,27.6,0.0,False
2024-08-28,Delhi,22.2,0.0,False
2024-08-29,Delhi,28.0,0.0,False
2024-08-30,Delhi,28.3,0.0,False
2024-08-31,Delhi,23.7,22.8,True
2024-09-01,Delhi,24.4,0.0,False
2024-09-02,Delhi,28.2,0.4,True
2024-09-03,Delhi,23.8,0.0,False
2024-09-04,Delhi,27.6,8.9,True
2024-09-05,Delhi,26.0,2.2,True
2024-09-06,Delhi,26.7,26.2,True
2024-09-07,Delhi,21.9,0.0,False
2024-09-08,Delhi,21.0,3.7,True
2024-09-09,Delhi,26.4,28.3,True
2024-09-10,Delhi,30.7,0.0,False
2024-09-11,Delhi,25.7,1.4,True
2024-09-12,Delhi,24.8,0.0,False
2024-09-13,Delhi,19.7,16.0,True
2024-09-14,Delhi,23.8,2.3,True
2024-09-15,Delhi,22.6,22.2,True
2024-09-16,Delhi,24.2,19.3,True
2024-09-17,Delhi,17.3,0.0,False
2024-09-18,Delhi,20.3,4.8,True
2024-09-19,Delhi,25.7,7.9,True
2024-09-20,Delhi,21.7,0.0,False
2024-09-21,Delhi,21.5,0.0,False
2024-09-22,Delhi,25.6,0.0,False
2024-09-23,Delhi,27.1,0.0,False
2024-09-24,Delhi,25.8,0.0,False
2024-09-25,Delhi,17.4,23.2,True
2024-09-26,Delhi,22.1,0.0,False
2024-09-27,Delhi,19.9,7.1,True
2024-09-28,Delhi,26.8,2.3,True
2024-09-29,Delhi,19.5,0.0,False
2024-09-30,Delhi,26.2,0.0,False
2024-10-01,Delhi,22.9,3.3,True
2024-10-02,Delhi,25.7,0.0,False
2024-10-03,Delhi,20.8,0.0,False
2024-10-04,Delhi,21.5,0.0,False
2024-10-05,Delhi,21.8,7.0,True
2024-10-06,Delhi,18.8,0.0,False
2024-10-07,Delhi,19.7,0.0,False
2024-10-08,Delhi,21.5,0.0,False
2024-10-09,Delhi,23.0,0.0,False
2024-10-10,Delhi,19.0,0.0,False
2024-10-11,Delhi,19.9,0.0,False
2024-10-12,Delhi,19.8,0.0,False
2024-10-13,Delhi,23.0,0.0,False
2024-10-14,Delhi,20.0,6.6,True
2024-10-15,Delhi,22.0,0.0,False
2024-10-16,Delhi,23.3,0.0,False
2024-10-17,Delhi,23.1,0.0,False
2024-10-18,Delhi,17.2,0.0,False
2024-10-19,Delhi,21.3,0.0,False
2024-10-20,Delhi,17.4,0.0,False
2024-10-21,Delhi,19.2,0.0,False
2024-10-22,Delhi,18.7,0.0,False
2024-10-23,Delhi,16.3,0.0,False
2024-10-24,Delhi,21.2,0.0,False
2024-10-25,Delhi,17.4,0.0,False
2024-10-26,Delhi,18.6,6.2,True
2024-10-27,Delhi,19.2,0.0,False
2024-10-28,Delhi,17.1,0.0,False
2024-10-29,Delhi,21.2,0.0,False
2024-10-30,Delhi,22.7,3.5,True
2024-10-31,Delhi,14.6,0.0,False
2024-11-01,Delhi,15.4,0.0,False
2024-11-02,Delhi,25.6,0.0,False
2024-11-03,Delhi,15.8,0.0,False
2024-11-04,Delhi,16.6,0.0,False
2024-11-05,Delhi,23.1,0.0,False
2024-11-06,Delhi,18.6,0.0,False
2024-11-07,Delhi,16.9,0.0,False
2024-11-08,Delhi,18.4,0.0,False
2024-11-09,Delhi,23.6,0.0,False
2024-11-10,Delhi,18.4,0.0,False
2024-11-11,Delhi,18.6,0.0,False
2024-11-12,Delhi,16.4,0.0,False
2024-11-13,Delhi,18.1,0.0,False
2024-11-14,Delhi,15.7,0.0,False
2024-11-15,Delhi,20.3,8.8,True
2024-11-16,Delhi,16.3,0.0,False
2024-11-17,Delhi,13.3,0.0,False
2024-11-18,Delhi,17.7,0.0,False
2024-11-19,Delhi,20.0,0.0,False
2024-11-20,Delhi,20.9,0.0,False
2024-11-21,Delhi,16.7,0.0,False
2024-11-22,Delhi,17.1,0.0,False
2024-11-23,Delhi,19.1,0.0,False
2024-11-24,Delhi,16.7,0.0,False
2024-11-25,Delhi,20.2,0.0,False
2024-11-26,Delhi,16.9,0.0,False
2024-11-27,Delhi,14.9,40.4,True
2024-11-28,Delhi,18.3,0.0,False
2024-11-29,Delhi,15.7,0.0,False
2024-11-30,Delhi,14.8,0.0,False
2024-12-01,Delhi,16.2,0.0,False
2024-12-02,Delhi,17.1,0.0,False
2024-12-03,Delhi,14.9,0.0,False
2024-12-04,Delhi,18.2,0.0,False
2024-12-05,Delhi,12.9,0.0,False
2024-12-06,Delhi,16.0,0.0,False
2024-12-07,Delhi,16.2,0.0,False
2024-12-08,Delhi,13.7,0.0,False
2024-12-09,Delhi,22.5,0.0,False
2024-12-10,Delhi,16.3,0.0,False
2024-12-11,Delhi,18.3,0.0,False
2024-12-12,Delhi,15.9,0.0,False
2024-12-13,Delhi,13.9,0.0,False
2024-12-14,Delhi,13.8,0.0,False
2024-12-15,Delhi,15.1,0.0,False
2024-12-16,Delhi,16.2,0.0,False
2024-12-17,Delhi,13.5,0.0,False
2024-12-18,Delhi,14.5,0.0,False
2024-12-19,Delhi,23.1,0.0,False
2024-12-20,Delhi,17.3,0.0,False
2024-12-21,Delhi,15.4,0.0,False
2024-12-22,Delhi,14.0,0.0,False
2024-12-23,Delhi,14.5,0.0,False
2024-12-24,Delhi,18.1,3.7,True
2024-12-25,Delhi,16.6,0.0,False
2024-12-26,Delhi,20.1,0.0,False
2024-12-27,Delhi,16.3,0.0,False
2024-12-28,Delhi,19.8,0.0,False
2024-12-29,Delhi,17.8,0.0,False
2024-12-30,Delhi,16.2,0.0,False
2024-12-31,Delhi,17.8,0.0,False
2025-01-01,Delhi,18.3,0.0,False
2025-01-02,Delhi,17.2,0.0,False
2025-01-03,Delhi,19.8,0.0,False
2025-01-04,Delhi,17.3,0.0,False
2025-01-05,Delhi,18.3,0.0,False
2025-01-06,Delhi,17.9,0.0,False
2025-01-07,Delhi,19.0,0.0,False
2025-01-08,Delhi,18.2,0.0,False
2025-01-09,Delhi,18.3,0.0,False
2025-01-10,Delhi,22.2,0.0,False
2025-01-11,Delhi,17.0,0.0,False
2025-01-12,Delhi,19.8,0.0,False
2025-01-13,Delhi,16.2,3.5,True
2025-01-14,Delhi,22.3,4.8,True
2025-01-15,Delhi,25.5,0.0,False
2025-01-16,Delhi,17.5,0.0,False
2025-01-17,Delhi,24.6,0.0,False
2025-01-18,Delhi,18.1,0.0,False
2025-01-19,Delhi,19.7,0.0,False
2025-01-20,Delhi,17.4,0.0,False
2025-01-21,Delhi,26.2,0.0,False
2025-01-22,Delhi,22.1,2.7,True
2025-01-23,Delhi,17.3,0.0,False
2025-01-24,Delhi,21.5,0.0,False
2025-01-25,Delhi,20.6,0.0,False
2025-01-26,Delhi,20.7,0.0,False
2025-01-27,Delhi,19.1,0.0,False
2025-01-28,Delhi,22.1,0.0,False
2025-01-29,Delhi,18.5,27.2,True
2025-01-30,Delhi,23.4,0.0,False
2025-01-31,Delhi,16.8,0.0,False
2025-02-01,Delhi,19.3,0.0,False
2025-02-02,Delhi,20.5,0.0,False
2025-02-03,Delhi,25.6,0.0,False
2025-02-04,Delhi,25.7,0.0,False
2025-02-05,Delhi,24.0,0.0,False
2025-02-06,Delhi,22.3,0.0,False
2025-02-07,Delhi,26.4,29.2,True
2025-02-08,Delhi,24.0,0.0,False
2025-02-09,Delhi,23.3,17.2,True
2025-02-10,Delhi,19.8,0.0,False
2025-02-11,Delhi,25.9,0.0,False
2025-02-12,Delhi,26.4,0.0,False
2025-02-13,Delhi,22.9,0.0,False
2025-02-14,Delhi,28.1,0.0,False
2025-02-15,Delhi,26.6,0.0,False
2025-02-16,Delhi,28.1,0.0,False
2025-02-17,Delhi,24.0,0.0,False
2025-02-18,Delhi,22.7,0.0,False
2025-02-19,Delhi,22.5,0.0,False
2025-02-20,Delhi,26.8,0.0,False
2025-02-21,Delhi,21.6,0.0,False
2025-02-22,Delhi,21.9,0.0,False
2025-02-23,Delhi,24.4,0.0,False
2025-02-24,Delhi,26.7,0.0,False
2025-02-25,Delhi,24.3,0.0,False
2025-02-26,Delhi,29.3,0.0,False
2025-02-27,Delhi,30.0,0.0,False
2025-02-28,Delhi,20.2,0.0,False
2025-03-01,Delhi,28.2,0.0,False
2025-03-02,Delhi,25.8,0.0,False
2025-03-03,Delhi,29.7,0.0,False
2025-03-04,Delhi,28.8,0.0,False
2025-03-05,Delhi,28.1,0.0,False
2025-03-06,Delhi,27.5,0.0,False
2025-03-07,Delhi,24.1,0.0,False
2025-03-08,Delhi,34.1,0.0,False
2025-03-09,Delhi,25.3,0.0,False
2025-03-10,Delhi,33.0,0.0,False
2025-03-11,Delhi,30.5,0.0,False
2025-03-12,Delhi,27.6,0.0,False
2025-03-13,Delhi,27.4,0.0,False
2025-03-14,Delhi,25.2,0.0,False
2025-03-15,Delhi,29.5,0.0,False
2025-03-16,Delhi,25.4,0.0,False
2025-03-17,Delhi,32.7,0.0,False
2025-03-18,Delhi,30.6,0.0,False
2025-03-19,Delhi,30.0,0.5,True
2025-03-20,Delhi,31.0,0.0,False
2025-03-21,Delhi,29.5,0.0,False
2025-03-22,Delhi,30.0,0.0,False
2025-03-23,Delhi,35.5,0.0,False
2025-03-24,Delhi,33.6,0.0,False
2025-03-25,Delhi,32.7,0.0,False
2025-03-26,Delhi,29.9,0.0,False
2025-03-27,Delhi,26.4,0.0,False
2025-03-28,Delhi,32.8,0.0,False
2025-03-29,Delhi,31.9,0.0,False
2025-03-30,Delhi,31.2,0.0,False
2025-03-31,Delhi,31.7,0.0,False
2025-04-01,Delhi,29.1,0.0,False
2025-04-02,Delhi,29.9,0.0,False
2025-04-03,Delhi,35.1,0.0,False
2025-04-04,Delhi,27.0,0.0,False
2025-04-05,Delhi,35.0,0.0,False
2025-04-06,Delhi,36.6,0.0,False
2025-04-07,Delhi,34.2,0.0,False
2025-04-08,Delhi,34.2,0.0,False
2025-04-09,Delhi,30.9,0.0,False
2025-04-10,Delhi,31.3,0.0,False
2025-04-11,Delhi,32.4,0.0,False
2025-04-12,Delhi,30.2,,False
2025-04-13,Delhi,31.6,0.0,False
2025-04-14,Delhi,34.1,0.0,False
2025-04-15,Delhi,32.8,0.0,False
2025-04-16,Delhi,34.6,0.0,False
2025-04-17,Delhi,36.9,0.0,False
2025-04-18,Delhi,34.8,0.0,False
2025-04-19,Delhi,35.6,8.4,True
2025-04-20,Delhi,31.9,,False
2025-04-21,Delhi,34.9,0.0,False
2025-04-22,Delhi,35.7,0.0,False
2025-04-23,Delhi,32.7,0.0,False
2025-04-24,Delhi,37.5,0.0,False
2025-04-25,Delhi,33.0,0.0,False
2025-04-26,Delhi,39.2,0.0,False
2025-04-27,Delhi,33.2,0.0,False
2025-04-28,Delhi,32.0,0.0,False
2025-04-29,Delhi,36.7,0.0,False
2025-04-30,Delhi,37.3,0.0,False
2025-05-01,Delhi,37.4,0.0,False
2025-05-02,Delhi,36.6,0.0,False
2025-05-03,Delhi,38.7,0.0,False
2025-05-04,Delhi,39.0,0.0,False
2025-05-05,Delhi,35.7,1.8,True
2025-05-06,Delhi,37.2,0.0,False
2025-05-07,Delhi,33.7,0.0,False
2025-05-08,Delhi,33.1,0.0,False
2025-05-09,Delhi,38.0,0.0,False
2025-05-10,Delhi,31.4,0.0,False
2025-05-11,Delhi,41.6,0.0,False
2025-05-12,Delhi,34.5,0.0,False
2025-05-13,Delhi,39.5,3.4,True
2025-05-14,Delhi,40.1,,False
2025-05-15,Delhi,34.3,0.0,False
2025-05-16,Delhi,39.6,0.0,False
2025-05-17,Delhi,32.8,0.0,False
2025-05-18,Delhi,34.0,0.0,False
2025-05-19,Delhi,31.7,0.0,False
2025-05-20,Delhi,34.5,0.0,False
2025-05-21,Delhi,41.1,0.0,False
2025-05-22,Delhi,36.5,0.0,False
2025-05-23,Delhi,36.3,0.0,False
2025-05-24,Delhi,37.6,0.0,False
2025-05-25,Delhi,43.9,0.0,False
2025-05-26,Delhi,34.3,0.0,False
2025-05-27,Delhi,35.0,0.0,False
2025-05-28,Delhi,33.5,0.0,False
2025-05-29,Delhi,37.9,0.0,False
2025-05-30,Delhi,38.3,0.0,False
2025-05-31,Delhi,37.9,0.0,False
2025-06-01,Delhi,35.7,3.0,True
2025-06-02,Delhi,36.8,1.7,True
2025-06-03,Delhi,36.9,5.0,True
2025-06-04,Delhi,36.7,0.2,True
2025-06-05,Delhi,36.9,5.4,True
2025-06-06,Delhi,35.5,14.4,True
2025-06-07,Delhi,40.2,0.0,False
2025-06-08,Delhi,37.4,2.2,True
2025-06-09,Delhi,34.7,0.0,False
2025-06-10,Delhi,37.9,0.0,False
2025-06-11,Delhi,36.8,0.0,False
2025-06-12,Delhi,38.8,0.0,False
2025-06-13,Delhi,39.5,2.2,True
2025-06-14,Delhi,37.7,20.0,True
2025-06-15,Delhi,37.6,0.0,False
2025-06-16,Delhi,40.0,0.0,False
2025-06-17,Delhi,34.4,0.0,False
2025-06-18,Delhi,36.8,28.3,True
2025-06-19,Delhi,40.2,17.1,True
2025-06-20,Delhi,39.7,1.1,True
2025-06-21,Delhi,37.7,,True
2025-06-22,Delhi,38.1,15.6,True
2025-06-23,Delhi,35.5,0.0,False
2025-06-24,Delhi,34.6,3.4,True
2025-06-25,Delhi,35.0,4.2,True
2025-06-26,Delhi,39.2,9.8,True
2025-06-27,Delhi,33.0,25.8,True
2025-06-28,Delhi,36.4,12.5,True
2025-06-29,Delhi,36.9,15.2,True
2025-06-30,Delhi,35.0,7.9,True
2025-07-01,Delhi,34.6,4.9,True
2025-07-02,Delhi,33.3,0.0,False
2025-07-03,Delhi,31.3,3.4,True
2025-07-04,Delhi,37.0,0.0,False
2025-07-05,Delhi,33.3,0.0,False
2025-07-06,Delhi,45.5,27.0,True
2025-07-07,Delhi,36.4,0.0,False
2025-07-08,Delhi,37.4,2.1,True
2025-07-09,Delhi,31.7,0.0,False
2025-07-10,Delhi,34.6,21.9,True
2025-07-11,Delhi,31.8,,True
2025-07-12,Delhi,31.0,0.0,False
2025-07-13,Delhi,31.7,0.0,False
2025-07-14,Delhi,35.9,14.3,True
2025-07-15,Delhi,38.8,3.3,True
2025-07-16,Delhi,34.3,0.7,True
2025-07-17,Delhi,32.9,4.5,True
2025-07-18,Delhi,34.0,22.6,True
2025-07-19,Delhi,36.8,16.4,True
2025-07-20,Delhi,32.8,48.9,True
2025-07-21,Delhi,28.8,0.0,False
2025-07-22,Delhi,32.4,0.0,False
2025-07-23,Delhi,33.6,0.0,False
2025-07-24,Delhi,35.1,12.8,True
2025-07-25,Delhi,34.7,0.0,False
2025-07-26,Delhi,33.8,0.0,False
2025-07-27,Delhi,30.5,0.0,False
2025-07-28,Delhi,29.8,0.0,False
2025-07-29,Delhi,32.4,12.8,True
2025-07-30,Delhi,31.3,0.0,False
2025-07-31,Delhi,33.3,0.0,False
2025-08-01,Delhi,30.3,0.0,False
2025-08-02,Delhi,32.4,0.0,False
2025-08-03,Delhi,32.1,0.0,False
2025-08-04,Delhi,31.2,0.0,False
2025-08-05,Delhi,28.0,0.0,False
2025-08-06,Delhi,29.3,1.9,True
2025-08-07,Delhi,27.6,18.6,True
2025-08-08,Delhi,30.0,11.8,True
2025-08-09,Delhi,30.0,0.0,False
2025-08-10,Delhi,35.0,143.4,True
2025-08-11,Delhi,30.0,0.0,False
2025-08-12,Delhi,30.2,0.0,False
2025-08-13,Delhi,27.8,0.2,True
2025-08-14,Delhi,26.6,9.0,True
2025-08-15,Delhi,28.2,3.8,True
2025-08-16,Delhi,34.2,0.0,False
2025-08-17,Delhi,32.9,0.0,False
2025-08-18,Delhi,31.9,7.8,True
2025-08-19,Delhi,27.0,9.3,True
2025-08-20,Delhi,29.3,12.9,True
2025-08-21,Delhi,32.7,8.3,True
2025-08-22,Delhi,29.8,12.9,True
2025-08-23,Delhi,26.6,0.0,False
2025-08-24,Delhi,27.2,60.9,True
2025-08-25,Delhi,33.8,3.1,True
2025-08-26,Delhi,26.4,25.8,True
2025-08-27,Delhi,22.8,12.4,True
2025-08-28,Delhi,26.4,0.0,False
2025-08-29,Delhi,24.8,3.3,True
2025-08-30,Delhi,26.3,0.0,False
2025-08-31,Delhi,23.5,0.0,False
2025-09-01,Delhi,25.3,0.0,False
2025-09-02,Delhi,25.1,1.0,True
2025-09-03,Delhi,32.6,0.0,False
2025-09-04,Delhi,28.9,4.3,True
2025-09-05,Delhi,30.0,0.3,True
2025-09-06,Delhi,26.8,0.0,False
2025-09-07,Delhi,26.4,8.2,True
2025-09-08,Delhi,26.0,7.5,True
2025-09-09,Delhi,25.7,11.5,True
2025-09-10,Delhi,27.4,9.2,True
2025-09-11,Delhi,22.0,0.0,False
2025-09-12,Delhi,27.6,0.0,False
2025-09-13,Delhi,22.7,4.0,True
2025-09-14,Delhi,22.9,0.0,False
2025-09-15,Delhi,24.0,43.1,True
2025-09-16,Delhi,24.0,1.5,True
2025-09-17,Delhi,22.5,0.0,False
2025-09-18,Delhi,21.8,27.0,True
2025-09-19,Delhi,23.4,0.6,True
2025-09-20,Delhi,26.9,0.0,False
2025-09-21,Delhi,25.0,25.0,True
2025-09-22,Delhi,24.0,0.0,False
2025-09-23,Delhi,26.7,0.0,False
2025-09-24,Delhi,20.7,4.6,True
2025-09-25,Delhi,22.0,0.0,False
2025-09-26,Delhi,19.3,16.2,True
2025-09-27,Delhi,22.4,44.5,True
2025-09-28,Delhi,22.2,24.0,True
2025-09-29,Delhi,21.4,0.0,False
2025-09-30,Delhi,22.0,7.1,True
2025-10-01,Delhi,23.5,0.0,False
2025-10-02,Delhi,28.1,0.0,False
2025-10-03,Delhi,22.4,0.0,False
2025-10-04,Delhi,21.9,0.0,False
2025-10-05,Delhi,18.8,0.0,False
2025-10-06,Delhi,18.2,0.0,False
2025-10-07,Delhi,19.8,0.0,False
2025-10-08,Delhi,17.3,,False
2025-10-09,Delhi,20.0,0.0,False
2025-10-10,Delhi,23.7,0.0,False
2025-10-11,Delhi,21.3,0.0,False
2025-10-12,Delhi,21.5,0.0,False
2025-10-13,Delhi,21.9,0.0,False
2025-10-14,Delhi,19.2,0.0,False
2025-10-15,Delhi,15.9,7.9,True
2025-10-16,Delhi,19.1,0.0,False
2025-10-17,Delhi,21.7,0.0,False
2025-10-18,Delhi,17.5,0.0,False
2025-10-19,Delhi,21.8,0.0,False
2025-10-20,Delhi,16.6,0.0,False
2025-10-21,Delhi,19.9,0.0,False
2025-10-22,Delhi,22.1,0.0,False
2025-10-23,Delhi,16.8,0.0,False
2025-10-24,Delhi,17.2,0.0,False
2025-10-25,Delhi,21.3,0.0,False
2025-10-26,Delhi,19.0,0.0,False
2025-10-27,Delhi,14.4,0.0,False
2025-10-28,Delhi,18.9,7.5,True
2025-10-29,Delhi,18.0,0.0,False
2025-10-30,Delhi,17.6,63.8,True
2025-10-31,Delhi,19.4,0.0,False
2025-11-01,Delhi,22.3,0.0,False
2025-11-02,Delhi,20.3,0.0,False
2025-11-03,Delhi,14.2,0.0,False
2025-11-04,Delhi,17.2,0.0,False
2025-11-05,Delhi,17.4,0.0,False
2025-11-06,Delhi,20.7,0.0,False
2025-11-07,Delhi,21.0,0.0,False
2025-11-08,Delhi,18.3,0.0,False
2025-11-09,Delhi,17.8,0.0,False
2025-11-10,Delhi,16.7,0.0,False
2025-11-11,Delhi,20.3,0.0,False
2025-11-12,Delhi,15.3,0.0,False
2025-11-13,Delhi,16.2,0.0,False
2025-11-14,Delhi,20.1,0.0,False
2025-11-15,Delhi,20.0,0.0,False
2025-11-16,Delhi,23.1,0.0,False
2025-11-17,Delhi,17.0,0.0,False
2025-11-18,Delhi,16.4,0.0,False
2025-11-19,Delhi,16.6,0.0,False
2025-11-20,Delhi,13.2,0.0,False
2025-11-21,Delhi,11.9,0.0,False
2025-11-22,Delhi,17.7,0.0,False
2025-11-23,Delhi,16.0,0.0,False
2025-11-24,Delhi,15.1,0.0,False
2025-11-25,Delhi,17.2,0.0,False
2025-11-26,Delhi,17.7,0.0,False
2025-11-27,Delhi,16.6,0.0,False
2025-11-28,Delhi,16.7,0.0,False
2025-11-29,Delhi,15.9,0.0,False
2025-11-30,Delhi,18.7,0.0,False
2025-12-01,Delhi,15.6,0.0,False
2025-12-02,Delhi,14.5,0.0,False
2025-12-03,Delhi,15.9,0.0,False
2025-12-04,Delhi,17.5,0.0,False
2025-12-05,Delhi,18.9,11.5,True
2025-12-06,Delhi,16.8,0.0,False
2025-12-07,Delhi,17.0,0.0,False
2025-12-08,Delhi,17.1,0.0,False
2025-12-09,Delhi,18.6,15.4,True
2025-12-10,Delhi,18.2,0.0,False
2025-12-11,Delhi,18.6,0.0,False
2025-12-12,Delhi,17.6,0.0,False
2025-12-13,Delhi,24.4,0.0,False
2025-12-14,Delhi,15.8,0.0,False
2025-12-15,Delhi,20.6,0.0,False
2025-12-16,Delhi,15.4,0.0,False
2025-12-17,Delhi,19.1,0.0,False
2025-12-18,Delhi,17.5,0.0,False
2025-12-19,Delhi,18.1,6.0,True
2025-12-20,Delhi,20.3,21.7,True
2025-12-21,Delhi,17.3,0.0,False
2025-12-22,Delhi,13.3,0.0,False
2025-12-23,Delhi,20.1,0.0,False
2025-12-24,Delhi,14.7,0.0,False
2025-12-25,Delhi,16.9,2.6,True
2025-12-26,Delhi,14.8,0.0,False
2025-12-27,Delhi,17.3,0.0,False
2025-12-28,Delhi,15.3,0.0,False
2025-12-29,Delhi,17.2,0.0,False
2025-12-30,Delhi,19.0,0.0,False
2025-12-31,Delhi,20.5,0.0,False
2024-01-01,Mumbai,15.0,0.0,False
2024-01-02,Mumbai,18.7,0.0,False
2024-01-03,Mumbai,15.2,0.0,False
2024-01-04,Mumbai,16.9,0.0,False
2024-01-05,Mumbai,21.3,0.0,False
2024-01-06,Mumbai,21.9,0.0,False
2024-01-07,Mumbai,19.8,0.0,False
2024-01-08,Mumbai,12.6,0.0,False
2024-01-09,Mumbai,19.0,0.0,False
2024-01-10,Mumbai,14.9,0.0,False
2024-01-11,Mumbai,16.7,0.0,False
2024-01-12,Mumbai,19.6,0.0,False
2024-01-13,Mumbai,22.4,0.0,False
2024-01-14,Mumbai,22.0,0.0,False
2024-01-15,Mumbai,27.1,0.0,False
2024-01-16,Mumbai,18.8,0.0,False
2024-01-17,Mumbai,22.1,0.0,False
2024-01-18,Mumbai,22.1,0.0,False
2024-01-19,Mumbai,24.5,0.0,False
2024-01-20,Mumbai,23.8,0.0,False
2024-01-21,Mumbai,21.4,0.0,False
2024-01-22,Mumbai,22.3,0.0,False
2024-01-23,Mumbai,22.0,0.0,False
2024-01-24,Mumbai,21.0,0.0,False
2024-01-25,Mumbai,22.6,0.0,False
2024-01-26,Mumbai,21.9,0.0,False
2024-01-27,Mumbai,21.9,0.0,False
2024-01-28,Mumbai,25.9,0.0,False
2024-01-29,Mumbai,22.6,0.0,False
2024-01-30,Mumbai,22.2,0.0,False
2024-01-31,Mumbai,21.8,0.0,False
2024-02-01,Mumbai,21.7,0.0,False
2024-02-02,Mumbai,19.6,0.0,False
2024-02-03,Mumbai,22.5,0.0,False
2024-02-04,Mumbai,25.6,0.0,False
2024-02-05,Mumbai,21.6,0.0,False
2024-02-06,Mumbai,28.5,0.0,False
2024-02-07,Mumbai,17.9,3.5,True
2024-02-08,Mumbai,25.4,0.0,False
2024-02-09,Mumbai,27.1,0.0,False
2024-02-10,Mumbai,21.6,0.0,False
2024-02-11,Mumbai,23.0,0.0,False
2024-02-12,Mumbai,23.1,0.0,False
2024-02-13,Mumbai,23.1,8.5,True
2024-02-14,Mumbai,23.5,10.5,True
2024-02-15,Mumbai,25.1,0.0,False
2024-02-16,Mumbai,23.4,0.0,False
2024-02-17,Mumbai,25.9,0.0,False
2024-02-18,Mumbai,23.2,0.0,False
2024-02-19,Mumbai,27.7,0.0,False
2024-02-20,Mumbai,25.4,,False
2024-02-21,Mumbai,22.3,0.0,False
2024-02-22,Mumbai,25.9,2.7,True
2024-02-23,Mumbai,26.0,0.0,False
2024-02-24,Mumbai,31.3,0.0,False
2024-02-25,Mumbai,23.4,0.0,False
2024-02-26,Mumbai,25.3,0.0,False
2024-02-27,Mumbai,24.7,0.0,False
2024-02-28,Mumbai,26.0,0.0,False
2024-02-29,Mumbai,27.7,0.0,False
2024-03-01,Mumbai,27.7,0.0,False
2024-03-02,Mumbai,28.7,0.0,False
2024-03-03,Mumbai,27.7,0.0,False
2024-03-04,Mumbai,28.0,9.7,True
2024-03-05,Mumbai,27.3,0.0,False
2024-03-06,Mumbai,28.6,0.0,False
2024-03-07,Mumbai,27.8,0.0,False
2024-03-08,Mumbai,28.6,0.0,False
2024-03-09,Mumbai,28.0,0.0,False
2024-03-10,Mumbai,30.2,0.0,False
2024-03-11,Mumbai,26.4,0.0,False
2024-03-12,Mumbai,25.6,0.0,False
2024-03-13,Mumbai,29.1,0.0,False
2024-03-14,Mumbai,29.8,0.0,False
2024-03-15,Mumbai,28.2,0.0,False
2024-03-16,Mumbai,29.4,0.0,False
2024-03-17,Mumbai,25.2,0.0,False
2024-03-18,Mumbai,29.4,0.0,False
2024-03-19,Mumbai,27.4,0.0,False
2024-03-20,Mumbai,27.1,0.0,False
2024-03-21,Mumbai,29.1,0.0,False
2024-03-22,Mumbai,27.9,0.0,False
2024-03-23,Mumbai,30.9,0.0,False
2024-03-24,Mumbai,32.3,0.0,False
2024-03-25,Mumbai,30.9,0.0,False
2024-03-26,Mumbai,27.2,0.0,False
2024-03-27,Mumbai,29.1,0.0,False
2024-03-28,Mumbai,32.3,0.0,False
2024-03-29,Mumbai,28.7,0.0,False
2024-03-30,Mumbai,34.2,0.0,False
2024-03-31,Mumbai,28.4,0.0,False
2024-04-01,Mumbai,31.5,0.0,False
2024-04-02,Mumbai,33.9,0.0,False
2024-04-03,Mumbai,30.0,0.0,False
2024-04-04,Mumbai,29.5,0.0,False
2024-04-05,Mumbai,33.9,,False
2024-04-06,Mumbai,35.0,0.0,False
2024-04-07,Mumbai,32.5,0.0,False
2024-04-08,Mumbai,32.1,0.0,False
2024-04-09,Mumbai,29.6,0.4,True
2024-04-10,Mumbai,38.0,0.0,False
2024-04-11,Mumbai,32.9,0.0,False
2024-04-12,Mumbai,33.1,0.0,False
2024-04-13,Mumbai,31.8,0.0,False
2024-04-14,Mumbai,29.4,0.0,False
2024-04-15,Mumbai,31.6,0.0,False
2024-04-16,Mumbai,32.3,13.9,True
2024-04-17,Mumbai,34.2,0.0,False
2024-04-18,Mumbai,31.8,1.3,True
2024-04-19,Mumbai,34.9,0.0,False
2024-04-20,Mumbai,34.4,0.0,False
2024-04-21,Mumbai,34.5,0.0,False
2024-04-22,Mumbai,32.6,0.0,False
2024-04-23,Mumbai,34.0,0.0,False
2024-04-24,Mumbai,37.8,0.0,False
2024-04-25,Mumbai,33.9,0.0,False
2024-04-26,Mumbai,37.3,16.4,True
2024-04-27,Mumbai,36.7,0.0,False
2024-04-28,Mumbai,38.9,0.0,False
2024-04-29,Mumbai,33.4,0.0,False
2024-04-30,Mumbai,38.8,0.0,False
2024-05-01,Mumbai,38.1,0.0,False
2024-05-02,Mumbai,33.9,0.0,False
2024-05-03,Mumbai,33.7,0.0,False
2024-05-04,Mumbai,36.9,0.0,False
2024-05-05,Mumbai,35.9,0.0,False
2024-05-06,Mumbai,37.0,0.0,False
2024-05-07,Mumbai,35.3,0.0,False
2024-05-08,Mumbai,36.3,0.0,False
2024-05-09,Mumbai,35.9,0.0,False
2024-05-10,Mumbai,37.2,,False
2024-05-11,Mumbai,34.2,0.0,False
2024-05-12,Mumbai,36.8,0.0,False
2024-05-13,Mumbai,39.9,0.0,False
2024-05-14,Mumbai,39.8,0.0,False
2024-05-15,Mumbai,37.2,0.0,False
2024-05-16,Mumbai,34.4,0.0,False
2024-05-17,Mumbai,41.4,0.0,False
2024-05-18,Mumbai,37.6,0.0,False
2024-05-19,Mumbai,41.1,0.0,False
2024-05-20,Mumbai,37.8,0.0,False
2024-05-21,Mumbai,31.0,0.0,False
2024-05-22,Mumbai,41.5,0.0,False
2024-05-23,Mumbai,38.9,0.0,False
2024-05-24,Mumbai,36.9,0.0,False
2024-05-25,Mumbai,32.7,7.4,True
2024-05-26,Mumbai,37.1,0.0,False
2024-05-27,Mumbai,37.3,0.0,False
2024-05-28,Mumbai,35.9,0.0,False
2024-05-29,Mumbai,37.3,0.0,False
2024-05-30,Mumbai,33.9,0.0,False
2024-05-31,Mumbai,36.0,20.2,True
2024-06-01,Mumbai,37.9,0.0,False
2024-06-02,Mumbai,35.3,98.5,True
2024-06-03,Mumbai,36.9,0.0,False
2024-06-04,Mumbai,34.6,0.0,False
2024-06-05,Mumbai,36.0,0.4,True
2024-06-06,Mumbai,38.6,30.8,True
2024-06-07,Mumbai,37.8,7.4,True
2024-06-08,Mumbai,39.1,0.0,False
2024-06-09,Mumbai,37.6,0.0,False
2024-06-10,Mumbai,38.2,0.0,False
2024-06-11,Mumbai,33.4,5.6,True
2024-06-12,Mumbai,35.8,0.0,False
2024-06-13,Mumbai,34.9,0.0,False
2024-06-14,Mumbai,38.7,3.8,True
2024-06-15,Mumbai,38.9,22.4,True
2024-06-16,Mumbai,35.5,13.5,True
2024-06-17,Mumbai,35.9,7.6,True
2024-06-18,Mumbai,35.3,0.0,False
2024-06-19,Mumbai,36.8,5.0,True
2024-06-20,Mumbai,35.5,6.5,True
2024-06-21,Mumbai,30.2,0.0,False
2024-06-22,Mumbai,36.6,16.4,True
2024-06-23,Mumbai,35.4,0.0,False
2024-06-24,Mumbai,38.0,0.0,False
2024-06-25,Mumbai,33.7,0.0,False
2024-06-26,Mumbai,34.4,2.7,True
2024-06-27,Mumbai,38.2,0.0,False
2024-06-28,Mumbai,37.9,0.0,False
2024-06-29,Mumbai,35.2,0.0,False
2024-06-30,Mumbai,36.1,0.0,False
2024-07-01,Mumbai,34.5,1.6,True
2024-07-02,Mumbai,36.4,6.1,True
2024-07-03,Mumbai,30.8,0.5,True
2024-07-04,Mumbai,34.6,9.9,True
2024-07-05,Mumbai,31.4,12.9,True
2024-07-06,Mumbai,35.3,8.9,True
2024-07-07,Mumbai,30.9,13.6,True
2024-07-08,Mumbai,34.6,0.0,False
2024-07-09,Mumbai,35.3,10.6,True
2024-07-10,Mumbai,37.6,0.0,False
2024-07-11,Mumbai,32.0,10.2,True
2024-07-12,Mumbai,30.1,16.9,True
2024-07-13,Mumbai,34.2,0.0,False
2024-07-14,Mumbai,28.9,0.0,False
2024-07-15,Mumbai,34.3,8.0,True
2024-07-16,Mumbai,34.4,0.0,False
2024-07-17,Mumbai,34.6,9.5,True
2024-07-18,Mumbai,31.5,15.0,True
2024-07-19,Mumbai,30.5,42.1,True
2024-07-20,Mumbai,34.9,10.3,True
2024-07-21,Mumbai,31.9,4.1,True
2024-07-22,Mumbai,29.6,0.0,False
2024-07-23,Mumbai,37.3,83.4,True
2024-07-24,Mumbai,29.7,0.0,False
2024-07-25,Mumbai,33.1,7.7,True
2024-07-26,Mumbai,30.4,0.0,False
2024-07-27,Mumbai,32.0,0.0,False
2024-07-28,Mumbai,30.0,7.5,True
2024-07-29,Mumbai,33.7,12.6,True
2024-07-30,Mumbai,31.1,0.0,False
2024-07-31,Mumbai,32.6,8.3,True
2024-08-01,Mumbai,31.5,11.1,True
2024-08-02,Mumbai,33.4,39.4,True
2024-08-03,Mumbai,34.4,0.3,True
2024-08-04,Mumbai,32.0,0.0,False
2024-08-05,Mumbai,30.7,0.0,False
2024-08-06,Mumbai,30.6,0.0,False
2024-08-07,Mumbai,29.5,2.1,True
2024-08-08,Mumbai,32.6,5.5,True
2024-08-09,Mumbai,29.9,25.8,True
2024-08-10,Mumbai,27.6,31.4,True
2024-08-11,Mumbai,28.4,0.0,False
2024-08-12,Mumbai,30.6,,False
2024-08-13,Mumbai,30.2,0.0,False
2024-08-14,Mumbai,28.7,0.0,True
2024-08-15,Mumbai,31.7,0.0,False
2024-08-16,Mumbai,32.0,0.0,False
2024-08-17,Mumbai,29.0,0.0,False
2024-08-18,Mumbai,27.8,9.9,True
2024-08-19,Mumbai,29.2,25.0,True
2024-08-20,Mumbai,26.5,0.0,False
2024-08-21,Mumbai,27.9,0.0,False
2024-08-22,Mumbai,27.7,3.0,True
2024-08-23,Mumbai,29.9,49.9,True
2024-08-24,Mumbai,25.2,17.8,True
2024-08-25,Mumbai,27.5,11.2,True
2024-08-26,Mumbai,28.7,0.0,False
2024-08-27,Mumbai,31.0,35.6,True
2024-08-28,Mumbai,27.5,9.9,True
2024-08-29,Mumbai,25.7,2.4,True
2024-08-30,Mumbai,26.8,0.0,False
2024-08-31,Mumbai,28.9,13.6,True
2024-09-01,Mumbai,24.5,10.1,True
2024-09-02,Mumbai,25.0,9.8,True
2024-09-03,Mumbai,27.6,0.0,False
2024-09-04,Mumbai,28.1,0.0,False
2024-09-05,Mumbai,24.9,18.1,True
2024-09-06,Mumbai,26.0,4.6,True
2024-09-07,Mumbai,24.5,0.0,False
2024-09-08,Mumbai,28.1,0.0,False
2024-09-09,Mumbai,22.2,21.9,True
2024-09-10,Mumbai,25.2,37.3,True
2024-09-11,Mumbai,25.5,3.9,True
2024-09-12,Mumbai,21.7,,True
2024-09-13,Mumbai,28.5,13.1,True
2024-09-14,Mumbai,26.6,0.0,False
2024-09-15,Mumbai,27.1,36.4,True
2024-09-16,Mumbai,25.2,0.0,False
2024-09-17,Mumbai,22.3,0.0,False
2024-09-18,Mumbai,25.6,75.9,True
2024-09-19,Mumbai,25.7,0.0,False
2024-09-20,Mumbai,20.7,4.6,True
2024-09-21,Mumbai,22.8,0.0,False
2024-09-22,Mumbai,22.5,4.3,True
2024-09-23,Mumbai,19.3,0.0,False
2024-09-24,Mumbai,24.7,41.1,True
2024-09-25,Mumbai,23.3,0.0,False
2024-09-26,Mumbai,19.9,23.9,True
2024-09-27,Mumbai,20.5,8.3,True
2024-09-28,Mumbai,21.3,0.0,False
2024-09-29,Mumbai,21.8,0.0,False
2024-09-30,Mumbai,20.1,,False
2024-10-01,Mumbai,20.8,0.0,False
2024-10-02,Mumbai,19.6,0.0,False
2024-10-03,Mumbai,17.2,0.0,False
2024-10-04,Mumbai,21.5,3.9,True
2024-10-05,Mumbai,23.3,0.0,False
2024-10-06,Mumbai,22.5,0.0,False
2024-10-07,Mumbai,18.6,0.0,False
2024-10-08,Mumbai,21.7,0.0,False
2024-10-09,Mumbai,18.3,0.0,False
2024-10-10,Mumbai,15.6,0.0,False
2024-10-11,Mumbai,19.7,0.0,False
2024-10-12,Mumbai,22.1,0.0,False
2024-10-13,Mumbai,18.5,0.0,False
2024-10-14,Mumbai,20.8,0.0,False
2024-10-15,Mumbai,18.1,0.0,False
2024-10-16,Mumbai,19.6,0.0,False
2024-10-17,Mumbai,18.9,0.0,False
2024-10-18,Mumbai,20.9,0.0,False
2024-10-19,Mumbai,21.1,0.0,False
2024-10-20,Mumbai,16.9,0.0,False
2024-10-21,Mumbai,22.9,0.0,False
2024-10-22,Mumbai,18.3,0.0,False
2024-10-23,Mumbai,18.2,0.0,False
2024-10-24,Mumbai,17.6,0.0,False
2024-10-25,Mumbai,18.3,0.0,False
2024-10-26,Mumbai,16.6,0.0,False
2024-10-27,Mumbai,19.3,41.6,True
2024-10-28,Mumbai,17.0,0.0,False
2024-10-29,Mumbai,14.2,0.0,False
2024-10-30,Mumbai,15.1,0.0,False
2024-10-31,Mumbai,21.6,0.0,False
2024-11-01,Mumbai,19.2,0.0,False
2024-11-02,Mumbai,21.3,0.0,False
2024-11-03,Mumbai,19.8,0.0,False
2024-11-04,Mumbai,20.2,0.0,False
2024-11-05,Mumbai,17.9,0.0,False
2024-11-06,Mumbai,15.3,,False
2024-11-07,Mumbai,16.2,0.0,False
2024-11-08,Mumbai,15.7,0.0,False
2024-11-09,Mumbai,12.9,0.0,False
2024-11-10,Mumbai,20.1,0.0,False
2024-11-11,Mumbai,17.2,0.0,False
2024-11-12,Mumbai,15.3,0.0,False
2024-11-13,Mumbai,22.5,0.0,False
2024-11-14,Mumbai,23.8,0.0,False
2024-11-15,Mumbai,14.2,0.0,False
2024-11-16,Mumbai,16.7,0.0,False
2024-11-17,Mumbai,16.5,0.0,False
2024-11-18,Mumbai,14.9,0.0,False
2024-11-19,Mumbai,19.6,4.7,True
2024-11-20,Mumbai,14.3,0.0,False
2024-11-21,Mumbai,18.8,6.5,True
2024-11-22,Mumbai,22.0,0.0,False
2024-11-23,Mumbai,17.0,0.0,False
2024-11-24,Mumbai,16.3,0.0,False
2024-11-25,Mumbai,13.3,0.0,False
2024-11-26,Mumbai,19.7,0.0,False
2024-11-27,Mumbai,21.9,0.0,False
2024-11-28,Mumbai,21.3,0.0,False
2024-11-29,Mumbai,13.1,0.0,False
2024-11-30,Mumbai,20.5,,True
2024-12-01,Mumbai,14.7,0.0,False
2024-12-02,Mumbai,17.3,0.0,False
2024-12-03,Mumbai,12.5,25.2,True
2024-12-04,Mumbai,16.5,0.0,False
2024-12-05,Mumbai,14.7,0.0,False
2024-12-06,Mumbai,20.6,0.0,False
2024-12-07,Mumbai,18.9,20.5,True
2024-12-08,Mumbai,15.3,7.9,True
2024-12-09,Mumbai,15.9,0.0,False
2024-12-10,Mumbai,18.3,0.0,False
2024-12-11,Mumbai,17.9,0.0,False
2024-12-12,Mumbai,20.2,0.0,False
2024-12-13,Mumbai,22.3,0.0,False
2024-12-14,Mumbai,16.1,0.0,False
2024-12-15,Mumbai,15.9,0.0,False
2024-12-16,Mumbai,19.1,0.0,False
2024-12-17,Mumbai,19.7,0.0,False
2024-12-18,Mumbai,23.8,0.0,False
2024-12-19,Mumbai,13.6,0.0,False
2024-12-20,Mumbai,21.3,0.0,False
2024-12-21,Mumbai,18.1,0.0,False
2024-12-22,Mumbai,16.7,0.0,False
2024-12-23,Mumbai,19.0,0.0,False
2024-12-24,Mumbai,19.0,0.0,False
2024-12-25,Mumbai,16.9,0.0,False
2024-12-26,Mumbai,14.2,0.0,False
2024-12-27,Mumbai,21.9,0.0,False
2024-12-28,Mumbai,16.6,0.0,False
2024-12-29,Mumbai,16.3,0.0,False
2024-12-30,Mumbai,16.9,1.6,True
2024-12-31,Mumbai,16.1,0.0,False
2025-01-01,Mumbai,20.4,0.0,False
2025-01-02,Mumbai,18.8,0.0,False
2025-01-03,Mumbai,19.7,0.0,False
2025-01-04,Mumbai,17.2,0.0,False
2025-01-05,Mumbai,16.1,0.0,False
2025-01-06,Mumbai,18.7,0.0,False
2025-01-07,Mumbai,15.6,0.0,False
2025-01-08,Mumbai,21.2,,False
2025-01-09,Mumbai,18.6,0.0,False
2025-01-10,Mumbai,20.8,0.0,False
2025-01-11,Mumbai,21.2,0.0,False
2025-01-12,Mumbai,21.4,0.0,False
2025-01-13,Mumbai,19.6,0.0,False
2025-01-14,Mumbai,19.9,0.0,False
2025-01-15,Mumbai,19.4,0.0,False
2025-01-16,Mumbai,21.4,0.0,False
2025-01-17,Mumbai,16.2,0.0,False
2025-01-18,Mumbai,19.9,0.0,False
2025-01-19,Mumbai,22.4,0.0,False
2025-01-20,Mumbai,23.6,0.0,False
2025-01-21,Mumbai,23.4,0.0,False
2025-01-22,Mumbai,22.2,1.5,True
2025-01-23,Mumbai,22.9,0.0,False
2025-01-24,Mumbai,19.6,0.0,False
2025-01-25,Mumbai,19.4,0.0,False
2025-01-26,Mumbai,16.2,0.0,False
2025-01-27,Mumbai,26.6,0.0,False
2025-01-28,Mumbai,26.5,0.0,False
2025-01-29,Mumbai,21.8,0.0,False
2025-01-30,Mumbai,22.1,0.0,False
2025-01-31,Mumbai,26.1,0.0,False
2025-02-01,Mumbai,19.5,0.0,False
2025-02-02,Mumbai,20.4,0.0,False
2025-02-03,Mumbai,26.8,0.0,False
2025-02-04,Mumbai,22.1,,False
2025-02-05,Mumbai,20.5,0.0,False
2025-02-06,Mumbai,24.3,0.0,False
2025-02-07,Mumbai,21.7,0.0,False
2025-02-08,Mumbai,27.0,0.0,False
2025-02-09,Mumbai,23.9,,False
2025-02-10,Mumbai,22.3,6.9,True
2025-02-11,Mumbai,23.7,0.0,False
2025-02-12,Mumbai,23.1,0.0,False
2025-02-13,Mumbai,23.8,0.0,False
2025-02-14,Mumbai,23.3,0.0,False
2025-02-15,Mumbai,20.2,0.0,False
2025-02-16,Mumbai,25.1,0.0,False
2025-02-17,Mumbai,26.8,0.0,False
2025-02-18,Mumbai,22.8,0.0,False
2025-02-19,Mumbai,24.7,0.0,False
2025-02-20,Mumbai,24.0,0.0,False
2025-02-21,Mumbai,19.7,0.0,False
2025-02-22,Mumbai,28.7,0.0,False
2025-02-23,Mumbai,23.9,0.0,False
2025-02-24,Mumbai,18.6,0.0,False
2025-02-25,Mumbai,29.0,0.0,False
2025-02-26,Mumbai,25.3,0.0,False
2025-02-27,Mumbai,22.6,0.0,False
2025-02-28,Mumbai,28.4,0.0,False
2025-03-01,Mumbai,25.4,0.0,False
2025-03-02,Mumbai,24.2,0.0,False
2025-03-03,Mumbai,26.9,0.0,False
2025-03-04,Mumbai,29.0,0.0,False
2025-03-05,Mumbai,23.8,0.0,False
2025-03-06,Mumbai,27.2,0.0,False
2025-03-07,Mumbai,27.5,0.0,False
2025-03-08,Mumbai,20.7,0.0,False
2025-03-09,Mumbai,29.2,0.0,False
2025-03-10,Mumbai,29.7,79.2,True
2025-03-11,Mumbai,26.8,0.0,False
2025-03-12,Mumbai,26.9,0.0,False
2025-03-13,Mumbai,31.9,0.0,False
2025-03-14,Mumbai,28.9,0.0,False
2025-03-15,Mumbai,27.7,0.0,False
2025-03-16,Mumbai,30.3,0.0,False
2025-03-17,Mumbai,30.3,0.0,False
2025-03-18,Mumbai,32.0,0.0,False
2025-03-19,Mumbai,31.1,0.0,False
2025-03-20,Mumbai,30.0,0.0,False
2025-03-21,Mumbai,30.3,0.0,False
2025-03-22,Mumbai,26.7,0.0,False
2025-03-23,Mumbai,31.6,0.0,False
2025-03-24,Mumbai,28.6,0.0,False
2025-03-25,Mumbai,31.5,0.0,False
2025-03-26,Mumbai,35.0,,True
2025-03-27,Mumbai,27.9,0.0,False
2025-03-28,Mumbai,31.9,0.0,False
2025-03-29,Mumbai,30.4,0.0,False
2025-03-30,Mumbai,35.6,0.0,False
2025-03-31,Mumbai,34.8,0.0,False
2025-04-01,Mumbai,34.8,0.0,False
2025-04-02,Mumbai,31.7,0.0,False
2025-04-03,Mumbai,33.7,0.0,False
2025-04-04,Mumbai,32.8,0.0,False
2025-04-05,Mumbai,31.3,0.0,False
2025-04-06,Mumbai,35.3,0.0,False
2025-04-07,Mumbai,33.3,4.4,True
2025-04-08,Mumbai,33.6,,False
2025-04-09,Mumbai,29.9,0.0,False
2025-04-10,Mumbai,30.2,0.0,False
2025-04-11,Mumbai,33.6,1.8,True
2025-04-12,Mumbai,33.8,0.0,False
2025-04-13,Mumbai,35.2,0.0,False
2025-04-14,Mumbai,39.6,0.0,False
2025-04-15,Mumbai,31.1,1.8,True
2025-04-16,Mumbai,33.1,2.8,True
2025-04-17,Mumbai,33.2,0.0,False
2025-04-18,Mumbai,36.7,0.0,False
2025-04-19,Mumbai,40.5,0.0,False
2025-04-20,Mumbai,32.5,0.0,False
2025-04-21,Mumbai,40.3,0.0,False
2025-04-22,Mumbai,38.0,0.0,False
2025-04-23,Mumbai,33.2,0.0,False
2025-04-24,Mumbai,33.1,0.0,False
2025-04-25,Mumbai,34.5,8.8,True
2025-04-26,Mumbai,31.1,0.0,False
2025-04-27,Mumbai,32.6,0.0,False
2025-04-28,Mumbai,33.9,0.0,False
2025-04-29,Mumbai,36.1,20.0,True
2025-04-30,Mumbai,36.5,0.0,False
2025-05-01,Mumbai,37.4,0.0,False
2025-05-02,Mumbai,34.5,0.0,False
2025-05-03,Mumbai,35.2,0.0,False
2025-05-04,Mumbai,35.8,0.0,False
2025-05-05,Mumbai,38.3,10.1,True
2025-05-06,Mumbai,34.6,0.0,False
2025-05-07,Mumbai,34.7,0.0,False
2025-05-08,Mumbai,33.6,0.0,False
2025-05-09,Mumbai,39.8,0.0,False
2025-05-10,Mumbai,42.0,24.2,True
2025-05-11,Mumbai,35.7,0.0,False
2025-05-12,Mumbai,41.2,0.0,False
2025-05-13,Mumbai,32.4,0.0,False
2025-05-14,Mumbai,38.6,0.0,False
2025-05-15,Mumbai,38.1,0.0,False
2025-05-16,Mumbai,41.7,0.0,False
2025-05-17,Mumbai,37.6,0.0,False
2025-05-18,Mumbai,38.1,0.0,False
2025-05-19,Mumbai,33.9,0.0,False
2025-05-20,Mumbai,36.7,0.0,False
2025-05-21,Mumbai,31.5,0.0,False
2025-05-22,Mumbai,36.9,0.0,False
2025-05-23,Mumbai,41.0,,False
2025-05-24,Mumbai,34.6,0.0,False
2025-05-25,Mumbai,38.7,0.0,False
2025-05-26,Mumbai,39.1,,False
2025-05-27,Mumbai,33.1,0.0,False
2025-05-28,Mumbai,40.2,0.0,False
2025-05-29,Mumbai,31.8,0.0,False
2025-05-30,Mumbai,33.8,0.0,False
2025-05-31,Mumbai,38.0,0.0,False
2025-06-01,Mumbai,36.2,16.5,True
2025-06-02,Mumbai,37.4,34.8,True
2025-06-03,Mumbai,36.9,0.0,False
2025-06-04,Mumbai,38.5,10.7,True
2025-06-05,Mumbai,39.7,4.9,True
2025-06-06,Mumbai,38.1,3.9,True
2025-06-07,Mumbai,33.8,2.5,True
2025-06-08,Mumbai,36.2,0.0,False
2025-06-09,Mumbai,39.6,13.8,True
2025-06-10,Mumbai,35.3,36.9,True
2025-06-11,Mumbai,40.8,2.1,True
2025-06-12,Mumbai,38.8,0.0,False
2025-06-13,Mumbai,39.5,0.0,False
2025-06-14,Mumbai,36.9,0.0,False
2025-06-15,Mumbai,34.9,20.0,True
2025-06-16,Mumbai,37.1,17.4,True
2025-06-17,Mumbai,35.9,4.8,True
2025-06-18,Mumbai,40.5,12.5,True
2025-06-19,Mumbai,34.6,18.5,True
2025-06-20,Mumbai,33.9,6.3,True
2025-06-21,Mumbai,35.6,,False
2025-06-22,Mumbai,34.3,12.2,True
2025-06-23,Mumbai,39.6,14.9,True
2025-06-24,Mumbai,36.4,0.0,False
2025-06-25,Mumbai,35.2,0.0,False
2025-06-26,Mumbai,32.9,9.6,True
2025-06-27,Mumbai,35.8,56.2,True
2025-06-28,Mumbai,31.7,12.1,True
2025-06-29,Mumbai,33.4,0.0,False
2025-06-30,Mumbai,33.4,4.3,True
2025-07-01,Mumbai,35.3,20.3,True
2025-07-02,Mumbai,40.6,0.0,False
2025-07-03,Mumbai,33.3,0.0,False
2025-07-04,Mumbai,34.2,,True
2025-07-05,Mumbai,39.2,2.6,True
2025-07-06,Mumbai,34.1,58.6,True
2025-07-07,Mumbai,31.3,0.0,False
2025-07-08,Mumbai,36.8,2.8,True
2025-07-09,Mumbai,33.3,0.0,False
2025-07-10,Mumbai,37.3,9.1,True
2025-07-11,Mumbai,35.2,0.0,False
2025-07-12,Mumbai,36.6,0.0,False
2025-07-13,Mumbai,35.8,,True
2025-07-14,Mumbai,30.5,0.0,False
2025-07-15,Mumbai,30.7,1.7,True
2025-07-16,Mumbai,32.2,14.7,True
2025-07-17,Mumbai,36.8,16.6,True
2025-07-18,Mumbai,33.5,0.0,False
2025-07-19,Mumbai,36.0,9.6,True
2025-07-20,Mumbai,34.7,57.8,True
2025-07-21,Mumbai,35.3,0.0,False
2025-07-22,Mumbai,36.5,7.8,True
2025-07-23,Mumbai,31.8,0.0,False
2025-07-24,Mumbai,33.4,11.3,True
2025-07-25,Mumbai,29.4,0.0,False
2025-07-26,Mumbai,33.5,0.1,True
2025-07-27,Mumbai,31.0,0.0,False
2025-07-28,Mumbai,38.8,45.1,True
2025-07-29,Mumbai,31.0,0.0,False
2025-07-30,Mumbai,34.8,14.7,True
2025-07-31,Mumbai,28.4,31.7,True
2025-08-01,Mumbai,31.6,0.0,False
2025-08-02,Mumbai,31.9,24.1,True
2025-08-03,Mumbai,33.6,0.0,False
2025-08-04,Mumbai,28.3,0.0,False
2025-08-05,Mumbai,31.2,17.8,True
2025-08-06,Mumbai,29.6,0.0,False
2025-08-07,Mumbai,33.1,0.0,False
2025-08-08,Mumbai,38.2,18.8,True
2025-08-09,Mumbai,32.5,5.4,True
2025-08-10,Mumbai,32.4,22.4,True
2025-08-11,Mumbai,32.3,46.0,True
2025-08-12,Mumbai,27.2,1.9,True
2025-08-13,Mumbai,25.3,,True
2025-08-14,Mumbai,26.6,5.4,True
2025-08-15,Mumbai,34.5,0.0,False
2025-08-16,Mumbai,32.1,0.0,False
2025-08-17,Mumbai,24.6,9.7,True
2025-08-18,Mumbai,28.3,10.5,True
2025-08-19,Mumbai,31.6,49.5,True
2025-08-20,Mumbai,33.1,0.0,False
2025-08-21,Mumbai,25.6,0.0,False
2025-08-22,Mumbai,30.0,0.0,False
2025-08-23,Mumbai,27.1,0.0,False
2025-08-24,Mumbai,29.1,0.0,False
2025-08-25,Mumbai,24.8,0.0,False
2025-08-26,Mumbai,30.8,0.0,False
2025-08-27,Mumbai,25.6,3.4,True
2025-08-28,Mumbai,25.6,0.0,False
2025-08-29,Mumbai,23.0,62.0,True
2025-08-30,Mumbai,26.5,3.9,True
2025-08-31,Mumbai,26.3,0.0,False
2025-09-01,Mumbai,22.5,3.4,True
2025-09-02,Mumbai,24.0,5.2,True
2025-09-03,Mumbai,26.6,0.0,False
2025-09-04,Mumbai,20.8,1.6,True
2025-09-05,Mumbai,28.3,2.1,True
2025-09-06,Mumbai,21.1,23.1,True
2025-09-07,Mumbai,24.1,22.5,True
2025-09-08,Mumbai,20.1,0.0,False
2025-09-09,Mumbai,23.6,14.4,True
2025-09-10,Mumbai,23.7,2.5,True
2025-09-11,Mumbai,23.0,34.3,True
2025-09-12,Mumbai,24.0,0.0,False
2025-09-13,Mumbai,24.8,0.0,False
2025-09-14,Mumbai,18.9,,True
2025-09-15,Mumbai,21.9,0.0,False
2025-09-16,Mumbai,20.2,0.0,False
2025-09-17,Mumbai,19.9,0.0,False
2025-09-18,Mumbai,23.3,0.0,False
2025-09-19,Mumbai,20.4,11.1,True
2025-09-20,Mumbai,23.4,0.0,False
2025-09-21,Mumbai,25.8,13.8,True
2025-09-22,Mumbai,21.3,0.0,False
2025-09-23,Mumbai,21.1,0.0,False
2025-09-24,Mumbai,23.1,0.0,False
2025-09-25,Mumbai,21.5,0.0,False
2025-09-26,Mumbai,19.3,3.2,True
2025-09-27,Mumbai,24.5,0.0,False
2025-09-28,Mumbai,21.2,0.0,False
2025-09-29,Mumbai,26.4,11.8,True
2025-09-30,Mumbai,23.1,1.2,True
2025-10-01,Mumbai,22.9,0.0,False
2025-10-02,Mumbai,22.4,0.0,False
2025-10-03,Mumbai,22.5,0.0,False
2025-10-04,Mumbai,25.1,0.0,False
2025-10-05,Mumbai,21.3,0.0,False
2025-10-06,Mumbai,26.7,0.0,False
2025-10-07,Mumbai,21.5,0.0,False
2025-10-08,Mumbai,21.5,0.0,False
2025-10-09,Mumbai,26.1,0.0,False
2025-10-10,Mumbai,23.5,0.0,False
2025-10-11,Mumbai,16.7,0.0,False
2025-10-12,Mumbai,19.0,0.0,False
2025-10-13,Mumbai,20.4,0.0,False
2025-10-14,Mumbai,23.7,0.0,False
2025-10-15,Mumbai,23.9,0.0,False
2025-10-16,Mumbai,19.7,0.0,False
2025-10-17,Mumbai,18.3,0.0,False
2025-10-18,Mumbai,19.1,0.0,False
2025-10-19,Mumbai,19.8,28.4,True
2025-10-20,Mumbai,20.3,0.0,False
2025-10-21,Mumbai,17.1,0.0,False
2025-10-22,Mumbai,17.2,0.0,False
2025-10-23,Mumbai,17.6,1.1,True
2025-10-24,Mumbai,19.7,0.0,False
2025-10-25,Mumbai,22.1,0.0,False
2025-10-26,Mumbai,16.5,0.0,False
2025-10-27,Mumbai,19.5,0.0,False
2025-10-28,Mumbai,19.4,0.0,False
2025-10-29,Mumbai,19.8,0.0,False
2025-10-30,Mumbai,17.5,0.0,False
2025-10-31,Mumbai,19.6,0.0,False
2025-11-01,Mumbai,20.1,0.0,False
2025-11-02,Mumbai,17.3,0.0,False
2025-11-03,Mumbai,18.6,0.0,False
2025-11-04,Mumbai,17.6,0.0,False
2025-11-05,Mumbai,16.1,0.0,False
2025-11-06,Mumbai,14.7,0.0,False
2025-11-07,Mumbai,16.3,0.0,False
2025-11-08,Mumbai,16.4,0.0,False
2025-11-09,Mumbai,14.5,0.0,False
2025-11-10,Mumbai,18.7,0.0,False
2025-11-11,Mumbai,19.7,0.0,False
2025-11-12,Mumbai,17.1,0.0,False
2025-11-13,Mumbai,17.4,0.0,False
2025-11-14,Mumbai,16.2,0.0,False
2025-11-15,Mumbai,17.1,0.0,False
2025-11-16,Mumbai,18.6,0.0,False
2025-11-17,Mumbai,18.1,0.0,False
2025-11-18,Mumbai,17.0,0.0,False
2025-11-19,Mumbai,15.9,0.0,False
2025-11-20,Mumbai,19.0,0.0,False
2025-11-21,Mumbai,16.1,0.0,False
2025-11-22,Mumbai,14.1,0.0,False
2025-11-23,Mumbai,17.4,0.0,False
2025-11-24,Mumbai,13.0,0.0,False
2025-11-25,Mumbai,17.8,0.0,False
2025-11-26,Mumbai,17.9,0.0,False
2025-11-27,Mumbai,15.5,0.0,False
2025-11-28,Mumbai,15.8,0.0,False
2025-11-29,Mumbai,19.3,0.0,False
2025-11-30,Mumbai,22.1,0.0,False
2025-12-01,Mumbai,17.1,0.0,False
2025-12-02,Mumbai,12.1,0.0,False
2025-12-03,Mumbai,15.6,0.0,False
2025-12-04,Mumbai,18.0,0.0,False
2025-12-05,Mumbai,16.7,0.0,False
2025-12-06,Mumbai,17.8,0.0,False
2025-12-07,Mumbai,17.4,0.0,False
2025-12-08,Mumbai,17.5,0.0,False
2025-12-09,Mumbai,12.4,0.0,False
2025-12-10,Mumbai,16.0,0.0,False
2025-12-11,Mumbai,15.8,0.0,False
2025-12-12,Mumbai,15.8,0.0,False
2025-12-13,Mumbai,18.8,0.0,False
2025-12-14,Mumbai,14.5,66.2,True
2025-12-15,Mumbai,13.7,0.0,False
2025-12-16,Mumbai,17.5,17.1,True
2025-12-17,Mumbai,15.5,0.0,False
2025-12-18,Mumbai,17.6,0.0,False
2025-12-19,Mumbai,15.6,0.0,False
2025-12-20,Mumbai,16.9,0.0,False
2025-12-21,Mumbai,16.7,0.0,False
2025-12-22,Mumbai,20.8,0.0,False
2025-12-23,Mumbai,15.9,0.0,False
2025-12-24,Mumbai,19.2,0.0,False
2025-12-25,Mumbai,17.7,0.0,False
2025-12-26,Mumbai,20.3,0.0,False
2025-12-27,Mumbai,22.0,0.0,False
2025-12-28,Mumbai,17.9,0.0,False
2025-12-29,Mumbai,14.2,0.0,False
2025-12-30,Mumbai,15.6,0.0,False
2025-12-31,Mumbai,15.1,9.0,True
2024-01-01,Bengaluru,21.5,0.0,False
2024-01-02,Bengaluru,19.7,0.0,False
2024-01-03,Bengaluru,20.9,0.0,False
2024-01-04,Bengaluru,18.7,0.0,False
2024-01-05,Bengaluru,18.3,0.0,False
2024-01-06,Bengaluru,19.7,0.0,False
2024-01-07,Bengaluru,21.9,0.0,False
2024-01-08,Bengaluru,16.9,0.0,False
2024-01-09,Bengaluru,24.1,0.0,False
2024-01-10,Bengaluru,22.0,0.0,False
2024-01-11,Bengaluru,17.8,0.0,False
2024-01-12,Bengaluru,20.1,25.4,True
2024-01-13,Bengaluru,18.9,0.0,False
2024-01-14,Bengaluru,19.4,0.0,False
2024-01-15,Bengaluru,16.2,0.0,False
2024-01-16,Bengaluru,23.6,0.0,False
2024-01-17,Bengaluru,18.9,0.0,False
2024-01-18,Bengaluru,17.9,0.0,False
2024-01-19,Bengaluru,17.9,0.0,False
2024-01-20,Bengaluru,20.3,0.0,False
2024-01-21,Bengaluru,20.8,0.0,False
2024-01-22,Bengaluru,25.6,0.0,False
2024-01-23,Bengaluru,23.6,0.0,False
2024-01-24,Bengaluru,20.2,0.0,False
2024-01-25,Bengaluru,25.4,0.0,False
2024-01-26,Bengaluru,24.9,0.0,False
2024-01-27,Bengaluru,19.2,7.3,True
2024-01-28,Bengaluru,25.6,0.0,False
2024-01-29,Bengaluru,20.1,0.0,False
2024-01-30,Bengaluru,21.6,0.0,False
2024-01-31,Bengaluru,24.1,0.0,False
2024-02-01,Bengaluru,23.5,0.0,False
2024-02-02,Bengaluru,22.6,0.0,False
2024-02-03,Bengaluru,25.7,0.0,False
2024-02-04,Bengaluru,21.0,0.0,False
2024-02-05,Bengaluru,24.0,0.0,False
2024-02-06,Bengaluru,22.0,0.0,False
2024-02-07,Bengaluru,23.0,0.0,False
2024-02-08,Bengaluru,19.2,0.0,False
2024-02-09,Bengaluru,23.5,0.0,False
2024-02-10,Bengaluru,21.4,0.0,False
2024-02-11,Bengaluru,20.5,0.0,False
2024-02-12,Bengaluru,21.7,0.0,False
2024-02-13,Bengaluru,29.5,0.0,False
2024-02-14,Bengaluru,25.3,0.0,False
2024-02-15,Bengaluru,27.2,0.0,False
2024-02-16,Bengaluru,23.0,0.0,False
2024-02-17,Bengaluru,29.8,0.0,False
2024-02-18,Bengaluru,23.9,5.0,True
2024-02-19,Bengaluru,27.0,0.0,False
2024-02-20,Bengaluru,24.1,0.0,False
2024-02-21,Bengaluru,28.8,0.0,False
2024-02-22,Bengaluru,25.7,0.0,False
2024-02-23,Bengaluru,30.6,0.0,False
2024-02-24,Bengaluru,28.8,0.0,False
2024-02-25,Bengaluru,26.5,0.0,False
2024-02-26,Bengaluru,21.1,0.0,False
2024-02-27,Bengaluru,26.9,0.0,False
2024-02-28,Bengaluru,23.7,0.0,False
2024-02-29,Bengaluru,29.7,0.0,False
2024-03-01,Bengaluru,25.6,0.0,False
2024-03-02,Bengaluru,27.8,0.0,False
2024-03-03,Bengaluru,32.1,0.0,False
2024-03-04,Bengaluru,30.8,0.0,False
2024-03-05,Bengaluru,25.6,0.0,False
2024-03-06,Bengaluru,28.0,0.0,False
2024-03-07,Bengaluru,28.9,1.5,True
2024-03-08,Bengaluru,31.5,0.0,False
2024-03-09,Bengaluru,18.8,0.0,False
2024-03-10,Bengaluru,29.2,0.0,False
2024-03-11,Bengaluru,30.4,0.0,False
2024-03-12,Bengaluru,30.7,0.0,False
2024-03-13,Bengaluru,33.0,0.0,False
2024-03-14,Bengaluru,30.7,0.0,False
2024-03-15,Bengaluru,32.4,0.0,False
2024-03-16,Bengaluru,29.4,0.0,False
2024-03-17,Bengaluru,30.3,0.0,False
2024-03-18,Bengaluru,32.8,0.0,False
2024-03-19,Bengaluru,36.0,0.0,False
2024-03-20,Bengaluru,32.0,15.7,True
2024-03-21,Bengaluru,31.2,0.0,False
2024-03-22,Bengaluru,30.0,0.0,False
2024-03-23,Bengaluru,30.1,0.0,False
2024-03-24,Bengaluru,29.1,0.0,False
2024-03-25,Bengaluru,32.1,0.0,False
2024-03-26,Bengaluru,27.2,0.0,False
2024-03-27,Bengaluru,32.8,0.0,False
2024-03-28,Bengaluru,33.0,0.0,False
2024-03-29,Bengaluru,34.3,0.0,False
2024-03-30,Bengaluru,39.7,0.0,False
2024-03-31,Bengaluru,26.6,0.0,False
2024-04-01,Bengaluru,33.5,0.0,False
2024-04-02,Bengaluru,34.1,0.0,False
2024-04-03,Bengaluru,30.8,0.0,False
2024-04-04,Bengaluru,32.2,0.0,False
2024-04-05,Bengaluru,31.6,0.0,False
2024-04-06,Bengaluru,34.4,0.0,False
2024-04-07,Bengaluru,35.9,0.0,False
2024-04-08,Bengaluru,30.4,0.0,False
2024-04-09,Bengaluru,34.4,0.0,False
2024-04-10,Bengaluru,36.8,0.0,False
2024-04-11,Bengaluru,32.0,0.0,False
2024-04-12,Bengaluru,27.8,,False
2024-04-13,Bengaluru,31.7,0.0,False
2024-04-14,Bengaluru,31.6,0.0,False
2024-04-15,Bengaluru,32.1,0.0,False
2024-04-16,Bengaluru,38.8,0.0,False
2024-04-17,Bengaluru,39.6,0.0,False
2024-04-18,Bengaluru,38.2,0.0,False
2024-04-19,Bengaluru,33.9,0.0,False
2024-04-20,Bengaluru,38.5,0.0,False
2024-04-21,Bengaluru,29.6,0.0,False
2024-04-22,Bengaluru,32.4,0.0,False
2024-04-23,Bengaluru,37.0,0.0,False
2024-04-24,Bengaluru,33.7,0.0,False
2024-04-25,Bengaluru,32.4,0.0,False
2024-04-26,Bengaluru,36.2,0.0,False
2024-04-27,Bengaluru,36.4,0.0,False
2024-04-28,Bengaluru,36.7,0.0,False
2024-04-29,Bengaluru,37.1,0.0,False
2024-04-30,Bengaluru,36.5,0.0,False
2024-05-01,Bengaluru,35.5,0.0,False
2024-05-02,Bengaluru,36.0,0.0,False
2024-05-03,Bengaluru,38.0,0.0,False
2024-05-04,Bengaluru,36.7,0.0,False
2024-05-05,Bengaluru,34.9,0.0,False
2024-05-06,Bengaluru,34.4,0.0,False
2024-05-07,Bengaluru,36.4,0.0,False
2024-05-08,Bengaluru,39.6,7.1,True
2024-05-09,Bengaluru,39.9,0.0,False
2024-05-10,Bengaluru,37.8,0.0,False
2024-05-11,Bengaluru,32.9,15.6,True
2024-05-12,Bengaluru,37.4,0.0,False
2024-05-13,Bengaluru,38.7,0.0,False
2024-05-14,Bengaluru,35.9,0.0,False
2024-05-15,Bengaluru,38.2,0.0,False
2024-05-16,Bengaluru,39.9,0.0,False
2024-05-17,Bengaluru,36.6,4.2,True
2024-05-18,Bengaluru,37.5,0.0,False
2024-05-19,Bengaluru,39.9,0.0,False
2024-05-20,Bengaluru,32.6,0.0,False
2024-05-21,Bengaluru,37.3,25.5,True
2024-05-22,Bengaluru,41.7,6.8,True
2024-05-23,Bengaluru,39.4,11.5,True
2024-05-24,Bengaluru,34.6,0.0,False
2024-05-25,Bengaluru,34.6,0.0,False
2024-05-26,Bengaluru,39.0,24.9,True
2024-05-27,Bengaluru,40.4,0.0,False
2024-05-28,Bengaluru,40.5,0.0,False
2024-05-29,Bengaluru,38.3,0.0,False
2024-05-30,Bengaluru,35.4,0.0,False
2024-05-31,Bengaluru,34.0,,True
2024-06-01,Bengaluru,39.5,22.2,True
2024-06-02,Bengaluru,40.9,3.5,True
2024-06-03,Bengaluru,40.6,0.0,False
2024-06-04,Bengaluru,37.8,9.6,True
2024-06-05,Bengaluru,34.1,4.1,True
2024-06-06,Bengaluru,36.7,22.2,True
2024-06-07,Bengaluru,37.3,16.1,True
2024-06-08,Bengaluru,41.9,0.0,False
2024-06-09,Bengaluru,35.1,0.0,False
2024-06-10,Bengaluru,36.9,11.8,True
2024-06-11,Bengaluru,35.6,25.5,True
2024-06-12,Bengaluru,38.0,1.1,True
2024-06-13,Bengaluru,37.8,0.0,False
2024-06-14,Bengaluru,34.1,0.0,False
2024-06-15,Bengaluru,34.9,0.0,False
2024-06-16,Bengaluru,34.1,0.0,False
2024-06-17,Bengaluru,37.5,0.0,False
2024-06-18,Bengaluru,37.5,0.0,False
2024-06-19,Bengaluru,37.1,40.7,True
2024-06-20,Bengaluru,31.9,45.9,True
2024-06-21,Bengaluru,37.0,,True
2024-06-22,Bengaluru,33.1,2.4,True
2024-06-23,Bengaluru,33.6,21.7,True
2024-06-24,Bengaluru,39.3,36.8,True
2024-06-25,Bengaluru,37.2,7.3,True
2024-06-26,Bengaluru,36.6,0.0,True
2024-06-27,Bengaluru,35.4,0.0,False
2024-06-28,Bengaluru,41.4,15.2,True
2024-06-29,Bengaluru,36.4,43.9,True
2024-06-30,Bengaluru,36.7,26.2,True
2024-07-01,Bengaluru,35.6,0.7,True
2024-07-02,Bengaluru,36.0,0.0,False
2024-07-03,Bengaluru,37.4,29.9,True
2024-07-04,Bengaluru,35.3,0.0,False
2024-07-05,Bengaluru,36.4,0.0,False
2024-07-06,Bengaluru,34.8,64.5,True
2024-07-07,Bengaluru,41.2,10.5,True
2024-07-08,Bengaluru,35.3,0.0,False
2024-07-09,Bengaluru,33.9,21.6,True
2024-07-10,Bengaluru,36.0,0.0,False
2024-07-11,Bengaluru,30.9,14.6,True
2024-07-12,Bengaluru,32.7,8.0,True
2024-07-13,Bengaluru,35.5,0.0,False
2024-07-14,Bengaluru,32.8,10.9,True
2024-07-15,Bengaluru,32.3,3.5,True
2024-07-16,Bengaluru,34.1,25.1,True
2024-07-17,Bengaluru,33.8,12.9,True
2024-07-18,Bengaluru,37.8,0.0,False
2024-07-19,Bengaluru,33.3,16.3,True
2024-07-20,Bengaluru,33.5,0.0,False
2024-07-21,Bengaluru,31.0,0.5,True
2024-07-22,Bengaluru,33.9,7.9,True
2024-07-23,Bengaluru,27.3,0.0,False
2024-07-24,Bengaluru,33.6,13.9,True
2024-07-25,Bengaluru,30.4,21.4,True
2024-07-26,Bengaluru,29.1,,True
2024-07-27,Bengaluru,35.0,29.5,True
2024-07-28,Bengaluru,34.7,0.0,False
2024-07-29,Bengaluru,31.4,0.0,False
2024-07-30,Bengaluru,31.0,0.0,False
2024-07-31,Bengaluru,36.6,0.0,False
2024-08-01,Bengaluru,26.3,0.0,False
2024-08-02,Bengaluru,31.6,14.3,True
2024-08-03,Bengaluru,27.0,0.0,False
2024-08-04,Bengaluru,29.9,0.0,False
2024-08-05,Bengaluru,28.3,0.0,False
2024-08-06,Bengaluru,28.9,6.9,True
2024-08-07,Bengaluru,26.4,5.1,True
2024-08-08,Bengaluru,29.8,0.0,False
2024-08-09,Bengaluru,34.1,0.0,False
2024-08-10,Bengaluru,33.2,0.0,False
2024-08-11,Bengaluru,30.3,0.0,False
2024-08-12,Bengaluru,28.6,6.6,True
2024-08-13,Bengaluru,30.8,0.0,False
2024-08-14,Bengaluru,31.1,1.6,True
2024-08-15,Bengaluru,30.6,29.3,True
2024-08-16,Bengaluru,30.7,0.0,False
2024-08-17,Bengaluru,27.9,43.1,True
2024-08-18,Bengaluru,27.6,0.0,False
2024-08-19,Bengaluru,29.6,16.2,True
2024-08-20,Bengaluru,30.5,0.0,False
2024-08-21,Bengaluru,26.8,6.7,True
2024-08-22,Bengaluru,22.0,0.0,False
2024-08-23,Bengaluru,28.4,28.1,True
2024-08-24,Bengaluru,23.4,5.0,True
2024-08-25,Bengaluru,28.5,34.9,True
2024-08-26,Bengaluru,22.8,0.0,False
2024-08-27,Bengaluru,32.3,0.0,False
2024-08-28,Bengaluru,27.0,16.3,True
2024-08-29,Bengaluru,26.5,0.0,False
2024-08-30,Bengaluru,28.1,0.0,False
2024-08-31,Bengaluru,26.4,0.0,False
2024-09-01,Bengaluru,28.9,0.0,False
2024-09-02,Bengaluru,25.3,36.9,True
2024-09-03,Bengaluru,29.8,14.0,True
2024-09-04,Bengaluru,27.3,0.0,False
2024-09-05,Bengaluru,26.0,0.0,False
2024-09-06,Bengaluru,25.4,1.2,True
2024-09-07,Bengaluru,22.7,76.0,True
2024-09-08,Bengaluru,26.2,0.0,False
2024-09-09,Bengaluru,29.2,15.9,True
2024-09-10,Bengaluru,24.2,0.0,False
2024-09-11,Bengaluru,27.3,0.0,False
2024-09-12,Bengaluru,26.4,0.0,False
2024-09-13,Bengaluru,24.7,2.2,True
2024-09-14,Bengaluru,25.6,3.6,True
2024-09-15,Bengaluru,23.5,,False
2024-09-16,Bengaluru,20.4,0.0,False
2024-09-17,Bengaluru,24.7,0.0,False
2024-09-18,Bengaluru,23.1,14.2,True
2024-09-19,Bengaluru,20.8,0.0,False
2024-09-20,Bengaluru,24.7,0.0,False
2024-09-21,Bengaluru,22.6,0.0,False
2024-09-22,Bengaluru,22.8,14.8,True
2024-09-23,Bengaluru,16.6,18.8,True
2024-09-24,Bengaluru,28.8,0.0,False
2024-09-25,Bengaluru,25.8,3.6,True
2024-09-26,Bengaluru,21.5,19.9,True
2024-09-27,Bengaluru,21.2,0.0,False
2024-09-28,Bengaluru,23.5,0.0,False
2024-09-29,Bengaluru,21.2,0.0,False
2024-09-30,Bengaluru,20.2,0.0,False
2024-10-01,Bengaluru,25.5,0.0,False
2024-10-02,Bengaluru,20.6,0.0,False
2024-10-03,Bengaluru,22.5,0.0,False
2024-10-04,Bengaluru,22.3,0.0,False
2024-10-05,Bengaluru,16.7,0.0,False
2024-10-06,Bengaluru,24.6,0.0,False
2024-10-07,Bengaluru,18.0,0.0,False
2024-10-08,Bengaluru,17.1,0.0,False
2024-10-09,Bengaluru,19.4,0.0,False
2024-10-10,Bengaluru,18.4,5.9,True
2024-10-11,Bengaluru,19.5,0.0,False
2024-10-12,Bengaluru,22.9,12.6,True
2024-10-13,Bengaluru,16.4,0.0,False
2024-10-14,Bengaluru,20.9,0.0,False
2024-10-15,Bengaluru,19.1,0.0,False
2024-10-16,Bengaluru,13.8,0.0,False
2024-10-17,Bengaluru,20.9,0.0,False
2024-10-18,Bengaluru,20.2,0.0,False
2024-10-19,Bengaluru,17.4,0.0,False
2024-10-20,Bengaluru,20.9,0.0,False
2024-10-21,Bengaluru,16.1,0.0,False
2024-10-22,Bengaluru,18.2,0.0,False
2024-10-23,Bengaluru,18.5,0.0,False
2024-10-24,Bengaluru,18.7,0.0,False
2024-10-25,Bengaluru,15.5,0.0,False
2024-10-26,Bengaluru,21.7,0.0,False
2024-10-27,Bengaluru,16.6,0.0,False
2024-10-28,Bengaluru,14.3,0.0,False
2024-10-29,Bengaluru,19.1,0.0,False
2024-10-30,Bengaluru,23.1,0.0,False
2024-10-31,Bengaluru,13.7,0.0,False
2024-11-01,Bengaluru,15.7,0.0,False
2024-11-02,Bengaluru,20.3,0.0,False
2024-11-03,Bengaluru,18.0,0.0,False
2024-11-04,Bengaluru,14.8,0.0,False
2024-11-05,Bengaluru,17.3,3.3,True
2024-11-06,Bengaluru,17.4,0.0,False
2024-11-07,Bengaluru,13.7,0.0,False
2024-11-08,Bengaluru,16.7,0.0,False
2024-11-09,Bengaluru,19.7,0.0,False
2024-11-10,Bengaluru,19.6,0.0,False
2024-11-11,Bengaluru,15.7,0.0,False
2024-11-12,Bengaluru,17.5,0.0,False
2024-11-13,Bengaluru,20.8,0.0,False
2024-11-14,Bengaluru,17.1,0.0,False
2024-11-15,Bengaluru,12.2,0.0,False
2024-11-16,Bengaluru,18.0,0.0,False
2024-11-17,Bengaluru,17.7,0.0,False
2024-11-18,Bengaluru,19.3,0.0,False
2024-11-19,Bengaluru,16.8,0.0,False
2024-11-20,Bengaluru,16.0,0.0,False
2024-11-21,Bengaluru,14.3,0.0,False
2024-11-22,Bengaluru,18.9,0.0,False
2024-11-23,Bengaluru,15.7,8.9,True
2024-11-24,Bengaluru,15.8,0.0,False
2024-11-25,Bengaluru,19.9,0.0,False
2024-11-26,Bengaluru,19.5,0.0,False
2024-11-27,Bengaluru,22.5,0.0,False
2024-11-28,Bengaluru,15.2,0.0,False
2024-11-29,Bengaluru,15.6,0.0,False
2024-11-30,Bengaluru,13.5,8.5,True
2024-12-01,Bengaluru,16.8,0.0,False
2024-12-02,Bengaluru,13.2,0.0,False
2024-12-03,Bengaluru,17.8,0.0,False
2024-12-04,Bengaluru,18.2,0.0,False
2024-12-05,Bengaluru,18.6,0.0,False
2024-12-06,Bengaluru,23.7,0.0,False
2024-12-07,Bengaluru,16.6,0.0,False
2024-12-08,Bengaluru,15.3,0.0,False
2024-12-09,Bengaluru,12.0,0.0,False
2024-12-10,Bengaluru,20.1,0.0,False
2024-12-11,Bengaluru,13.7,0.0,False
2024-12-12,Bengaluru,16.4,0.0,False
2024-12-13,Bengaluru,14.3,0.0,False
2024-12-14,Bengaluru,18.8,0.0,False
2024-12-15,Bengaluru,15.1,0.0,False
2024-12-16,Bengaluru,15.0,0.0,False
2024-12-17,Bengaluru,21.2,0.0,False
2024-12-18,Bengaluru,14.5,0.0,False
2024-12-19,Bengaluru,17.2,0.0,False
2024-12-20,Bengaluru,18.8,,False
2024-12-21,Bengaluru,17.8,0.0,False
2024-12-22,Bengaluru,18.6,0.0,False
2024-12-23,Bengaluru,20.9,0.0,False
2024-12-24,Bengaluru,18.3,0.0,False
2024-12-25,Bengaluru,20.8,0.0,False
2024-12-26,Bengaluru,16.6,0.0,False
2024-12-27,Bengaluru,15.7,0.0,False
2024-12-28,Bengaluru,19.9,0.0,False
2024-12-29,Bengaluru,18.2,0.0,False
2024-12-30,Bengaluru,13.1,0.0,False
2024-12-31,Bengaluru,16.6,0.0,False
2025-01-01,Bengaluru,19.2,0.0,False
2025-01-02,Bengaluru,18.3,0.0,False
2025-01-03,Bengaluru,16.7,0.0,False
2025-01-04,Bengaluru,18.7,0.0,False
2025-01-05,Bengaluru,19.1,0.0,False
2025-01-06,Bengaluru,14.8,0.0,False
2025-01-07,Bengaluru,21.8,0.0,False
2025-01-08,Bengaluru,22.6,0.0,False
2025-01-09,Bengaluru,17.4,4.7,True
2025-01-10,Bengaluru,22.9,0.0,False
2025-01-11,Bengaluru,19.9,0.0,False
2025-01-12,Bengaluru,20.0,0.0,False
2025-01-13,Bengaluru,19.6,0.0,False
2025-01-14,Bengaluru,19.6,0.0,False
2025-01-15,Bengaluru,16.6,0.0,False
2025-01-16,Bengaluru,18.2,0.0,False
2025-01-17,Bengaluru,16.2,6.8,True
2025-01-18,Bengaluru,20.5,0.0,False
2025-01-19,Bengaluru,24.8,0.0,False
2025-01-20,Bengaluru,25.5,0.0,False
2025-01-21,Bengaluru,24.3,0.0,False
2025-01-22,Bengaluru,21.8,0.0,False
2025-01-23,Bengaluru,23.3,0.0,False
2025-01-24,Bengaluru,20.4,0.0,False
2025-01-25,Bengaluru,24.2,0.0,False
2025-01-26,Bengaluru,20.0,0.8,True
2025-01-27,Bengaluru,23.7,0.0,False
2025-01-28,Bengaluru,23.8,11.5,True
2025-01-29,Bengaluru,25.8,0.0,False
2025-01-30,Bengaluru,26.2,0.0,False
2025-01-31,Bengaluru,17.0,0.0,False
2025-02-01,Bengaluru,24.8,0.0,False
2025-02-02,Bengaluru,20.1,0.0,False
2025-02-03,Bengaluru,28.7,0.0,False
2025-02-04,Bengaluru,19.7,0.0,False
2025-02-05,Bengaluru,18.9,0.0,False
2025-02-06,Bengaluru,25.6,0.0,False
2025-02-07,Bengaluru,22.3,0.0,False
2025-02-08,Bengaluru,22.4,13.0,True
2025-02-09,Bengaluru,22.2,0.0,False
2025-02-10,Bengaluru,22.0,0.0,False
2025-02-11,Bengaluru,25.9,0.0,False
2025-02-12,Bengaluru,21.1,0.0,False
2025-02-13,Bengaluru,29.7,0.0,False
2025-02-14,Bengaluru,24.0,25.1,True
2025-02-15,Bengaluru,23.5,0.0,False
2025-02-16,Bengaluru,25.9,0.0,False
2025-02-17,Bengaluru,26.4,0.0,False
2025-02-18,Bengaluru,29.1,0.0,False
2025-02-19,Bengaluru,31.1,0.0,False
2025-02-20,Bengaluru,23.8,0.0,False
2025-02-21,Bengaluru,27.4,0.0,False
2025-02-22,Bengaluru,24.6,0.0,False
2025-02-23,Bengaluru,27.4,0.0,False
2025-02-24,Bengaluru,27.4,0.0,False
2025-02-25,Bengaluru,27.5,0.0,False
2025-02-26,Bengaluru,28.5,0.0,False
2025-02-27,Bengaluru,27.0,0.0,False
2025-02-28,Bengaluru,25.9,0.0,False
2025-03-01,Bengaluru,27.3,0.0,False
2025-03-02,Bengaluru,32.7,0.0,False
2025-03-03,Bengaluru,25.9,0.0,False
2025-03-04,Bengaluru,26.7,0.0,False
2025-03-05,Bengaluru,25.8,0.0,False
2025-03-06,Bengaluru,23.4,0.0,False
2025-03-07,Bengaluru,27.9,0.0,False
2025-03-08,Bengaluru,29.8,0.0,False
2025-03-09,Bengaluru,26.1,0.0,False
2025-03-10,Bengaluru,32.0,0.0,False
2025-03-11,Bengaluru,29.8,0.0,False
2025-03-12,Bengaluru,31.5,0.0,False
2025-03-13,Bengaluru,29.9,10.6,True
2025-03-14,Bengaluru,28.2,0.0,False
2025-03-15,Bengaluru,31.0,0.0,False
2025-03-16,Bengaluru,32.1,,False
2025-03-17,Bengaluru,27.6,,False
2025-03-18,Bengaluru,28.5,8.7,True
2025-03-19,Bengaluru,34.9,0.0,False
2025-03-20,Bengaluru,30.5,0.0,False
2025-03-21,Bengaluru,30.9,0.0,False
2025-03-22,Bengaluru,34.6,0.0,False
2025-03-23,Bengaluru,31.7,0.0,False
2025-03-24,Bengaluru,30.8,0.0,False
2025-03-25,Bengaluru,33.6,0.0,False
2025-03-26,Bengaluru,33.1,0.0,False
2025-03-27,Bengaluru,31.9,0.0,False
2025-03-28,Bengaluru,32.3,0.0,False
2025-03-29,Bengaluru,30.9,0.0,False
2025-03-30,Bengaluru,29.1,0.0,False
2025-03-31,Bengaluru,33.4,0.0,False
2025-04-01,Bengaluru,28.5,0.0,False
2025-04-02,Bengaluru,29.6,0.0,False
2025-04-03,Bengaluru,31.9,0.0,False
2025-04-04,Bengaluru,31.8,0.0,False
2025-04-05,Bengaluru,34.5,0.0,False
2025-04-06,Bengaluru,35.3,0.0,False
2025-04-07,Bengaluru,38.3,0.0,False
2025-04-08,Bengaluru,29.1,0.0,False
2025-04-09,Bengaluru,34.4,0.0,False
2025-04-10,Bengaluru,34.4,0.0,False
2025-04-11,Bengaluru,34.2,0.0,False
2025-04-12,Bengaluru,35.1,0.0,False
2025-04-13,Bengaluru,35.8,,False
2025-04-14,Bengaluru,37.4,0.0,False
2025-04-15,Bengaluru,34.8,0.0,False
2025-04-16,Bengaluru,38.5,0.0,False
2025-04-17,Bengaluru,35.1,0.0,False
2025-04-18,Bengaluru,33.3,0.0,False
2025-04-19,Bengaluru,35.1,0.0,False
2025-04-20,Bengaluru,32.5,0.0,False
2025-04-21,Bengaluru,32.8,0.0,False
2025-04-22,Bengaluru,34.5,0.0,False
2025-04-23,Bengaluru,34.3,0.0,False
2025-04-24,Bengaluru,38.5,0.0,False
2025-04-25,Bengaluru,34.8,0.0,False
2025-04-26,Bengaluru,32.8,0.0,False
2025-04-27,Bengaluru,35.4,0.0,False
2025-04-28,Bengaluru,36.2,0.0,False
2025-04-29,Bengaluru,35.9,0.0,False
2025-04-30,Bengaluru,33.1,0.0,False
2025-05-01,Bengaluru,39.5,10.7,True
2025-05-02,Bengaluru,36.7,0.0,False
2025-05-03,Bengaluru,34.7,0.0,False
2025-05-04,Bengaluru,33.3,0.0,False
2025-05-05,Bengaluru,36.6,0.0,False
2025-05-06,Bengaluru,36.7,0.0,False
2025-05-07,Bengaluru,35.0,0.0,False
2025-05-08,Bengaluru,39.1,0.0,False
2025-05-09,Bengaluru,33.2,0.0,False
2025-05-10,Bengaluru,38.4,0.0,False
2025-05-11,Bengaluru,40.9,0.0,False
2025-05-12,Bengaluru,39.6,0.0,False
2025-05-13,Bengaluru,39.1,0.0,False
2025-05-14,Bengaluru,33.4,0.0,False
2025-05-15,Bengaluru,39.1,0.0,False
2025-05-16,Bengaluru,36.0,0.0,False
2025-05-17,Bengaluru,38.4,9.9,True
2025-05-18,Bengaluru,35.9,0.0,False
2025-05-19,Bengaluru,35.4,0.0,False
2025-05-20,Bengaluru,38.9,0.0,False
2025-05-21,Bengaluru,32.5,0.0,False
2025-05-22,Bengaluru,36.9,0.0,False
2025-05-23,Bengaluru,30.8,0.0,False
2025-05-24,Bengaluru,38.3,0.0,False
2025-05-25,Bengaluru,39.1,0.0,False
2025-05-26,Bengaluru,37.4,0.0,False
2025-05-27,Bengaluru,35.9,0.0,False
2025-05-28,Bengaluru,40.5,0.0,False
2025-05-29,Bengaluru,40.7,0.0,False
2025-05-30,Bengaluru,37.9,0.0,False
2025-05-31,Bengaluru,41.1,0.0,False
2025-06-01,Bengaluru,35.0,13.6,True
2025-06-02,Bengaluru,36.4,0.0,False
2025-06-03,Bengaluru,37.8,4.6,True
2025-06-04,Bengaluru,34.1,11.9,True
2025-06-05,Bengaluru,42.7,17.3,True
2025-06-06,Bengaluru,32.4,0.0,False
2025-06-07,Bengaluru,35.4,2.2,True
2025-06-08,Bengaluru,34.6,8.9,True
2025-06-09,Bengaluru,37.2,,False
2025-06-10,Bengaluru,37.6,0.0,False
2025-06-11,Bengaluru,33.1,0.0,False
2025-06-12,Bengaluru,38.6,2.3,True
2025-06-13,Bengaluru,39.1,0.0,False
2025-06-14,Bengaluru,34.8,0.0,False
2025-06-15,Bengaluru,36.7,0.0,False
2025-06-16,Bengaluru,35.2,8.9,True
2025-06-17,Bengaluru,36.7,17.0,True
2025-06-18,Bengaluru,37.1,1.1,True
2025-06-19,Bengaluru,35.0,10.9,True
2025-06-20,Bengaluru,34.7,,True
2025-06-21,Bengaluru,38.8,0.0,False
2025-06-22,Bengaluru,34.4,4.3,True
2025-06-23,Bengaluru,35.7,9.9,True
2025-06-24,Bengaluru,36.0,15.4,True
2025-06-25,Bengaluru,30.2,2.1,True
2025-06-26,Bengaluru,33.3,0.0,False
2025-06-27,Bengaluru,32.3,0.0,False
2025-06-28,Bengaluru,37.1,0.0,False
2025-06-29,Bengaluru,35.6,0.0,False
2025-06-30,Bengaluru,37.6,0.0,False
2025-07-01,Bengaluru,36.3,19.3,True
2025-07-02,Bengaluru,31.7,13.8,True
2025-07-03,Bengaluru,34.1,0.0,False
2025-07-04,Bengaluru,38.5,,True
2025-07-05,Bengaluru,31.5,,True
2025-07-06,Bengaluru,38.8,10.8,True
2025-07-07,Bengaluru,33.5,0.0,False
2025-07-08,Bengaluru,34.9,0.0,False
2025-07-09,Bengaluru,37.6,5.2,True
2025-07-10,Bengaluru,31.8,13.2,True
2025-07-11,Bengaluru,33.2,40.4,True
2025-07-12,Bengaluru,33.5,0.0,False
2025-07-13,Bengaluru,32.1,0.0,False
2025-07-14,Bengaluru,34.3,31.9,True
2025-07-15,Bengaluru,33.5,26.3,True
2025-07-16,Bengaluru,33.4,0.0,False
2025-07-17,Bengaluru,33.9,3.2,True
2025-07-18,Bengaluru,34.4,0.0,False
2025-07-19,Bengaluru,33.7,6.1,True
2025-07-20,Bengaluru,36.1,0.0,False
2025-07-21,Bengaluru,33.6,0.0,False
2025-07-22,Bengaluru,32.8,0.0,False
2025-07-23,Bengaluru,33.2,0.5,True
2025-07-24,Bengaluru,34.9,0.0,False
2025-07-25,Bengaluru,37.3,0.0,False
2025-07-26,Bengaluru,34.4,0.0,False
2025-07-27,Bengaluru,34.7,33.7,True
2025-07-28,Bengaluru,33.3,0.0,False
2025-07-29,Bengaluru,30.4,9.0,True
2025-07-30,Bengaluru,29.8,0.0,False
2025-07-31,Bengaluru,31.1,0.0,False
2025-08-01,Bengaluru,37.1,3.2,True
2025-08-02,Bengaluru,27.1,6.6,True
2025-08-03,Bengaluru,32.1,13.7,True
2025-08-04,Bengaluru,37.8,5.9,True
2025-08-05,Bengaluru,30.7,5.2,True
2025-08-06,Bengaluru,31.9,4.0,True
2025-08-07,Bengaluru,31.0,66.0,True
2025-08-08,Bengaluru,33.6,0.0,False
2025-08-09,Bengaluru,28.3,0.0,False
2025-08-10,Bengaluru,34.8,0.0,False
2025-08-11,Bengaluru,28.5,140.8,True
2025-08-12,Bengaluru,32.5,38.4,True
2025-08-13,Bengaluru,28.4,0.0,False
2025-08-14,Bengaluru,30.5,0.0,False
2025-08-15,Bengaluru,33.0,0.0,False
2025-08-16,Bengaluru,28.9,0.0,False
2025-08-17,Bengaluru,32.3,10.4,True
2025-08-18,Bengaluru,24.8,0.0,False
2025-08-19,Bengaluru,30.2,0.0,False
2025-08-20,Bengaluru,33.3,25.7,True
2025-08-21,Bengaluru,28.2,0.0,False
2025-08-22,Bengaluru,28.0,26.2,True
2025-08-23,Bengaluru,26.1,9.1,True
2025-08-24,Bengaluru,25.5,95.7,True
2025-08-25,Bengaluru,29.2,6.5,True
2025-08-26,Bengaluru,25.5,0.0,False
2025-08-27,Bengaluru,26.2,5.8,True
2025-08-28,Bengaluru,25.0,0.9,True
2025-08-29,Bengaluru,29.3,37.9,True
2025-08-30,Bengaluru,24.2,19.0,True
2025-08-31,Bengaluru,23.8,4.1,True
2025-09-01,Bengaluru,24.6,0.0,False
2025-09-02,Bengaluru,23.3,9.6,True
2025-09-03,Bengaluru,25.3,18.6,True
2025-09-04,Bengaluru,22.1,18.6,True
2025-09-05,Bengaluru,22.7,4.2,True
2025-09-06,Bengaluru,23.9,0.0,False
2025-09-07,Bengaluru,21.9,19.2,True
2025-09-08,Bengaluru,25.7,6.6,True
2025-09-09,Bengaluru,23.8,0.0,False
2025-09-10,Bengaluru,29.8,0.0,False
2025-09-11,Bengaluru,24.7,0.0,False
2025-09-12,Bengaluru,24.7,0.0,False
2025-09-13,Bengaluru,26.6,1.0,True
2025-09-14,Bengaluru,24.5,11.7,True
2025-09-15,Bengaluru,22.7,,False
2025-09-16,Bengaluru,26.6,0.0,False
2025-09-17,Bengaluru,25.1,25.7,True
2025-09-18,Bengaluru,24.9,6.9,True
2025-09-19,Bengaluru,24.9,,True
2025-09-20,Bengaluru,21.0,17.9,True
2025-09-21,Bengaluru,18.0,7.5,True
2025-09-22,Bengaluru,25.8,0.0,False
2025-09-23,Bengaluru,26.7,0.0,False
2025-09-24,Bengaluru,19.5,14.3,True
2025-09-25,Bengaluru,22.6,26.4,True
2025-09-26,Bengaluru,21.6,0.0,False
2025-09-27,Bengaluru,17.5,8.7,True
2025-09-28,Bengaluru,20.7,0.0,False
2025-09-29,Bengaluru,19.2,0.0,False
2025-09-30,Bengaluru,29.1,6.0,True
2025-10-01,Bengaluru,24.0,0.0,False
2025-10-02,Bengaluru,17.8,29.7,True
2025-10-03,Bengaluru,24.3,0.0,False
2025-10-04,Bengaluru,21.9,0.0,False
2025-10-05,Bengaluru,20.9,0.0,False
2025-10-06,Bengaluru,19.0,32.1,True
2025-10-07,Bengaluru,19.9,0.0,False
2025-10-08,Bengaluru,23.4,0.0,False
2025-10-09,Bengaluru,18.1,0.0,False
2025-10-10,Bengaluru,18.3,0.0,False
2025-10-11,Bengaluru,18.2,0.0,False
2025-10-12,Bengaluru,22.3,0.0,False
2025-10-13,Bengaluru,22.8,0.0,False
2025-10-14,Bengaluru,19.0,0.0,False
2025-10-15,Bengaluru,19.5,0.0,False
2025-10-16,Bengaluru,22.3,0.0,False
2025-10-17,Bengaluru,23.5,0.0,False
2025-10-18,Bengaluru,19.5,0.0,False
2025-10-19,Bengaluru,15.6,0.0,False
2025-10-20,Bengaluru,17.1,0.0,False
2025-10-21,Bengaluru,21.4,0.0,False
2025-10-22,Bengaluru,21.4,0.0,False
2025-10-23,Bengaluru,20.6,0.0,False
2025-10-24,Bengaluru,17.0,0.0,False
2025-10-25,Bengaluru,21.1,0.0,False
2025-10-26,Bengaluru,17.0,0.0,False
2025-10-27,Bengaluru,19.2,0.0,False
2025-10-28,Bengaluru,18.4,,False
2025-10-29,Bengaluru,17.3,0.0,False
2025-10-30,Bengaluru,19.8,0.0,False
2025-10-31,Bengaluru,20.2,0.0,False
2025-11-01,Bengaluru,16.2,,False
2025-11-02,Bengaluru,18.1,0.0,False
2025-11-03,Bengaluru,19.8,0.0,False
2025-11-04,Bengaluru,11.6,0.0,False
2025-11-05,Bengaluru,18.7,0.0,False
2025-11-06,Bengaluru,19.6,0.0,False
2025-11-07,Bengaluru,18.7,0.0,False
2025-11-08,Bengaluru,18.8,0.0,False
2025-11-09,Bengaluru,17.3,0.0,False
2025-11-10,Bengaluru,19.2,0.0,False
2025-11-11,Bengaluru,14.4,0.0,False
2025-11-12,Bengaluru,15.3,0.0,False
2025-11-13,Bengaluru,18.4,0.0,False
2025-11-14,Bengaluru,19.0,0.0,False
2025-11-15,Bengaluru,20.1,0.0,False
2025-11-16,Bengaluru,20.7,0.0,False
2025-11-17,Bengaluru,21.1,0.0,False
2025-11-18,Bengaluru,15.3,0.0,False
2025-11-19,Bengaluru,14.4,0.0,False
2025-11-20,Bengaluru,19.3,0.0,False
2025-11-21,Bengaluru,15.9,0.0,False
2025-11-22,Bengaluru,16.8,0.0,False
2025-11-23,Bengaluru,18.9,0.0,False
2025-11-24,Bengaluru,17.4,0.0,False
2025-11-25,Bengaluru,18.6,0.0,False
2025-11-26,Bengaluru,14.9,0.0,False
2025-11-27,Bengaluru,17.6,0.0,False
2025-11-28,Bengaluru,17.6,16.5,True
2025-11-29,Bengaluru,14.4,,False
2025-11-30,Bengaluru,17.1,0.0,False
2025-12-01,Bengaluru,15.7,0.0,False
2025-12-02,Bengaluru,12.7,0.0,False
2025-12-03,Bengaluru,22.0,0.0,False
2025-12-04,Bengaluru,14.7,0.0,False
2025-12-05,Bengaluru,16.9,0.0,False
2025-12-06,Bengaluru,16.8,0.0,False
2025-12-07,Bengaluru,16.5,0.0,False
2025-12-08,Bengaluru,14.2,27.7,True
2025-12-09,Bengaluru,20.6,0.0,False
2025-12-10,Bengaluru,11.5,0.0,False
2025-12-11,Bengaluru,20.5,0.0,False
2025-12-12,Bengaluru,20.6,0.0,False
2025-12-13,Bengaluru,14.0,1.9,True
2025-12-14,Bengaluru,21.2,0.0,False
2025-12-15,Bengaluru,17.4,0.0,False
2025-12-16,Bengaluru,18.4,0.0,False
2025-12-17,Bengaluru,15.6,0.0,False
2025-12-18,Bengaluru,20.9,11.0,True
2025-12-19,Bengaluru,12.8,0.0,False
2025-12-20,Bengaluru,20.0,0.0,False
2025-12-21,Bengaluru,14.4,0.0,False
2025-12-22,Bengaluru,17.9,0.0,False
2025-12-23,Bengaluru,16.2,19.6,True
2025-12-24,Bengaluru,23.9,0.0,False
2025-12-25,Bengaluru,17.0,10.6,True
2025-12-26,Bengaluru,13.9,0.0,False
2025-12-27,Bengaluru,17.5,0.0,False
2025-12-28,Bengaluru,16.1,20.8,True
2025-12-29,Bengaluru,18.9,0.0,False
2025-12-30,Bengaluru,18.8,0.0,False
2025-12-31,Bengaluru,16.3,0.0,False
2024-01-01,Jaipur,17.6,0.0,False
2024-01-02,Jaipur,19.4,0.0,False
2024-01-03,Jaipur,18.7,0.0,False
2024-01-04,Jaipur,21.7,0.0,False
2024-01-05,Jaipur,19.5,0.0,False
2024-01-06,Jaipur,20.5,0.0,False
2024-01-07,Jaipur,14.0,4.4,True
2024-01-08,Jaipur,22.8,0.0,False
2024-01-09,Jaipur,17.9,0.0,False
2024-01-10,Jaipur,20.0,0.0,False
2024-01-11,Jaipur,19.7,,False
2024-01-12,Jaipur,19.7,0.0,False
2024-01-13,Jaipur,21.6,0.0,False
2024-01-14,Jaipur,18.0,0.0,False
2024-01-15,Jaipur,18.9,0.0,False
2024-01-16,Jaipur,16.1,12.2,True
2024-01-17,Jaipur,19.9,0.0,False
2024-01-18,Jaipur,21.4,0.0,False
2024-01-19,Jaipur,19.5,0.0,False
2024-01-20,Jaipur,20.4,0.0,False
2024-01-21,Jaipur,17.9,27.1,True
2024-01-22,Jaipur,15.0,0.0,False
2024-01-23,Jaipur,22.6,0.0,False
2024-01-24,Jaipur,19.6,0.0,False
2024-01-25,Jaipur,20.5,0.0,False
2024-01-26,Jaipur,20.2,0.0,False
2024-01-27,Jaipur,24.6,0.0,False
2024-01-28,Jaipur,17.4,0.0,False
2024-01-29,Jaipur,21.4,14.3,True
2024-01-30,Jaipur,22.6,0.0,False
2024-01-31,Jaipur,23.5,0.0,False
2024-02-01,Jaipur,21.6,0.0,False
2024-02-02,Jaipur,25.4,0.0,False
2024-02-03,Jaipur,24.3,35.7,True
2024-02-04,Jaipur,22.8,0.0,False
2024-02-05,Jaipur,20.6,0.0,False
2024-02-06,Jaipur,22.9,0.0,False
2024-02-07,Jaipur,26.9,0.0,False
2024-02-08,Jaipur,21.7,0.0,False
2024-02-09,Jaipur,24.0,0.0,False
2024-02-10,Jaipur,24.5,13.5,True
2024-02-11,Jaipur,18.6,0.0,False
2024-02-12,Jaipur,25.5,0.0,False
2024-02-13,Jaipur,27.4,0.0,False
2024-02-14,Jaipur,27.8,0.0,False
2024-02-15,Jaipur,27.2,0.0,False
2024-02-16,Jaipur,24.8,0.0,False
2024-02-17,Jaipur,25.6,0.0,False
2024-02-18,Jaipur,21.6,0.0,False
2024-02-19,Jaipur,23.3,0.0,False
2024-02-20,Jaipur,24.6,0.0,False
2024-02-21,Jaipur,22.9,0.0,False
2024-02-22,Jaipur,24.8,0.0,False
2024-02-23,Jaipur,26.0,0.0,False
2024-02-24,Jaipur,28.3,0.0,False
2024-02-25,Jaipur,27.0,0.0,False
2024-02-26,Jaipur,33.0,0.0,False
2024-02-27,Jaipur,26.3,0.0,False
2024-02-28,Jaipur,25.4,0.0,False
2024-02-29,Jaipur,25.0,0.0,False
2024-03-01,Jaipur,25.8,0.0,False
2024-03-02,Jaipur,24.4,0.0,False
2024-03-03,Jaipur,26.9,0.0,False
2024-03-04,Jaipur,30.6,3.0,True
2024-03-05,Jaipur,26.2,0.0,False
2024-03-06,Jaipur,27.1,0.0,False
2024-03-07,Jaipur,26.0,0.0,False
2024-03-08,Jaipur,30.2,0.0,False
2024-03-09,Jaipur,27.4,1.8,True
2024-03-10,Jaipur,27.7,0.0,False
2024-03-11,Jaipur,31.4,0.0,False
2024-03-12,Jaipur,28.6,0.0,False
2024-03-13,Jaipur,30.1,4.6,True
2024-03-14,Jaipur,32.5,0.0,False
2024-03-15,Jaipur,33.0,4.3,True
2024-03-16,Jaipur,32.2,0.0,False
2024-03-17,Jaipur,32.2,29.8,True
2024-03-18,Jaipur,28.7,0.0,False
2024-03-19,Jaipur,29.7,,False
2024-03-20,Jaipur,25.4,0.0,False
2024-03-21,Jaipur,28.0,19.8,True
2024-03-22,Jaipur,28.7,0.0,False
2024-03-23,Jaipur,31.3,0.0,False
2024-03-24,Jaipur,29.6,0.0,False
2024-03-25,Jaipur,33.2,,True
2024-03-26,Jaipur,31.4,0.0,False
2024-03-27,Jaipur,35.1,0.0,False
2024-03-28,Jaipur,30.8,0.0,False
2024-03-29,Jaipur,36.7,0.0,False
2024-03-30,Jaipur,30.1,0.6,True
2024-03-31,Jaipur,30.2,,False
2024-04-01,Jaipur,36.1,0.0,False
2024-04-02,Jaipur,36.1,0.0,False
2024-04-03,Jaipur,33.4,0.0,False
2024-04-04,Jaipur,33.5,18.8,True
2024-04-05,Jaipur,32.4,0.0,False
2024-04-06,Jaipur,32.4,0.0,False
2024-04-07,Jaipur,29.6,0.0,False
2024-04-08,Jaipur,29.7,0.0,False
2024-04-09,Jaipur,29.5,0.0,False
2024-04-10,Jaipur,30.7,0.0,False
2024-04-11,Jaipur,31.1,0.0,False
2024-04-12,Jaipur,34.4,0.0,False
2024-04-13,Jaipur,33.6,0.0,False
2024-04-14,Jaipur,37.2,0.0,False
2024-04-15,Jaipur,35.2,0.0,False
2024-04-16,Jaipur,35.4,0.0,False
2024-04-17,Jaipur,32.8,0.0,False
2024-04-18,Jaipur,37.7,0.0,False
2024-04-19,Jaipur,29.8,0.0,False
2024-04-20,Jaipur,33.0,0.0,False
2024-04-21,Jaipur,31.7,0.0,False
2024-04-22,Jaipur,39.3,0.0,False
2024-04-23,Jaipur,35.6,0.0,False
2024-04-24,Jaipur,31.0,0.0,False
2024-04-25,Jaipur,31.0,0.0,False
2024-04-26,Jaipur,36.3,0.0,False
2024-04-27,Jaipur,35.8,0.0,False
2024-04-28,Jaipur,40.4,8.1,True
2024-04-29,Jaipur,37.4,0.0,False
2024-04-30,Jaipur,30.7,0.0,False
2024-05-01,Jaipur,34.4,0.0,False
2024-05-02,Jaipur,35.0,0.0,False
2024-05-03,Jaipur,33.1,0.0,False
2024-05-04,Jaipur,37.3,11.1,True
2024-05-05,Jaipur,35.3,0.0,False
2024-05-06,Jaipur,38.8,0.0,False
2024-05-07,Jaipur,37.3,0.0,False
2024-05-08,Jaipur,38.5,0.0,False
2024-05-09,Jaipur,39.4,0.0,False
2024-05-10,Jaipur,34.1,0.0,False
2024-05-11,Jaipur,35.6,0.0,False
2024-05-12,Jaipur,34.8,0.0,False
2024-05-13,Jaipur,33.1,0.0,False
2024-05-14,Jaipur,36.3,0.0,False
2024-05-15,Jaipur,33.5,0.0,False
2024-05-16,Jaipur,34.8,33.9,True
2024-05-17,Jaipur,35.4,0.0,False
2024-05-18,Jaipur,39.3,0.0,False
2024-05-19,Jaipur,37.2,0.0,False
2024-05-20,Jaipur,36.4,0.0,False
2024-05-21,Jaipur,37.8,0.0,False
2024-05-22,Jaipur,32.2,0.0,False
2024-05-23,Jaipur,37.8,43.1,True
2024-05-24,Jaipur,33.7,0.0,False
2024-05-25,Jaipur,35.1,0.0,False
2024-05-26,Jaipur,39.1,0.0,False
2024-05-27,Jaipur,36.7,0.0,False
2024-05-28,Jaipur,36.7,0.0,False
2024-05-29,Jaipur,33.0,0.0,False
2024-05-30,Jaipur,35.4,12.1,True
2024-05-31,Jaipur,38.6,0.0,False
2024-06-01,Jaipur,37.7,4.0,True
2024-06-02,Jaipur,37.0,0.0,False
2024-06-03,Jaipur,34.4,0.4,True
2024-06-04,Jaipur,37.5,19.4,True
2024-06-05,Jaipur,34.8,11.8,True
2024-06-06,Jaipur,34.1,60.7,True
2024-06-07,Jaipur,38.9,0.0,False
2024-06-08,Jaipur,35.9,7.5,True
2024-06-09,Jaipur,41.5,0.0,False
2024-06-10,Jaipur,40.0,23.6,True
2024-06-11,Jaipur,36.0,3.0,True
2024-06-12,Jaipur,35.0,6.9,True
2024-06-13,Jaipur,34.4,52.1,True
2024-06-14,Jaipur,36.6,40.9,True
2024-06-15,Jaipur,33.7,0.0,False
2024-06-16,Jaipur,36.3,10.3,True
2024-06-17,Jaipur,37.8,5.4,True
2024-06-18,Jaipur,38.5,0.0,False
2024-06-19,Jaipur,38.5,4.4,True
2024-06-20,Jaipur,34.6,7.5,True
2024-06-21,Jaipur,35.1,0.0,False
2024-06-22,Jaipur,33.6,41.0,True
2024-06-23,Jaipur,34.4,0.0,False
2024-06-24,Jaipur,41.4,1.6,True
2024-06-25,Jaipur,41.2,0.0,False
2024-06-26,Jaipur,34.2,26.3,True
2024-06-27,Jaipur,38.5,19.3,True
2024-06-28,Jaipur,33.4,8.2,True
2024-06-29,Jaipur,36.3,19.0,True
2024-06-30,Jaipur,37.8,0.0,False
2024-07-01,Jaipur,32.6,0.0,False
2024-07-02,Jaipur,40.2,0.0,False
2024-07-03,Jaipur,31.2,0.0,False
2024-07-04,Jaipur,34.1,0.0,False
2024-07-05,Jaipur,35.2,60.6,True
2024-07-06,Jaipur,33.4,9.0,True
2024-07-07,Jaipur,34.7,0.0,False
2024-07-08,Jaipur,36.4,18.6,True
2024-07-09,Jaipur,32.0,0.0,False
2024-07-10,Jaipur,31.2,3.6,True
2024-07-11,Jaipur,36.9,0.0,False
2024-07-12,Jaipur,33.7,14.9,True
2024-07-13,Jaipur,33.7,0.0,False
2024-07-14,Jaipur,32.4,0.0,False
2024-07-15,Jaipur,38.2,25.5,True
2024-07-16,Jaipur,35.4,0.0,False
2024-07-17,Jaipur,34.7,16.2,True
2024-07-18,Jaipur,31.7,0.0,False
2024-07-19,Jaipur,36.7,25.8,True
2024-07-20,Jaipur,34.5,0.0,False
2024-07-21,Jaipur,32.0,0.2,True
2024-07-22,Jaipur,32.4,6.2,True
2024-07-23,Jaipur,31.0,0.7,True
2024-07-24,Jaipur,36.0,,True
2024-07-25,Jaipur,30.5,0.0,False
2024-07-26,Jaipur,30.9,0.0,False
2024-07-27,Jaipur,32.8,6.1,True
2024-07-28,Jaipur,32.5,0.0,False
2024-07-29,Jaipur,33.3,35.5,True
2024-07-30,Jaipur,31.2,31.9,True
2024-07-31,Jaipur,33.5,3.3,True
2024-08-01,Jaipur,31.2,0.0,False
2024-08-02,Jaipur,27.2,2.6,True
2024-08-03,Jaipur,36.0,0.0,False
2024-08-04,Jaipur,31.4,31.6,True
2024-08-05,Jaipur,34.3,0.0,False
2024-08-06,Jaipur,33.3,37.1,True
2024-08-07,Jaipur,28.5,15.1,True
2024-08-08,Jaipur,27.6,0.0,False
2024-08-09,Jaipur,29.4,0.0,False
2024-08-10,Jaipur,30.6,0.0,False
2024-08-11,Jaipur,30.6,12.6,True
2024-08-12,Jaipur,32.2,0.0,False
2024-08-13,Jaipur,28.7,27.1,True
2024-08-14,Jaipur,28.3,0.0,False
2024-08-15,Jaipur,28.8,18.7,True
2024-08-16,Jaipur,33.2,0.0,False
2024-08-17,Jaipur,34.0,14.4,True
2024-08-18,Jaipur,27.7,4.1,True
2024-08-19,Jaipur,25.1,0.0,False
2024-08-20,Jaipur,25.5,7.1,True
2024-08-21,Jaipur,31.3,5.8,True
2024-08-22,Jaipur,31.4,4.0,True
2024-08-23,Jaipur,30.0,0.0,False
2024-08-24,Jaipur,28.1,0.0,False
2024-08-25,Jaipur,27.1,0.0,False
2024-08-26,Jaipur,28.6,24.6,True
2024-08-27,Jaipur,26.6,1.6,True
2024-08-28,Jaipur,19.5,0.0,False
2024-08-29,Jaipur,26.7,0.0,False
2024-08-30,Jaipur,27.9,12.1,True
2024-08-31,Jaipur,29.3,0.0,False
2024-09-01,Jaipur,24.0,0.0,False
2024-09-02,Jaipur,28.9,11.2,True
2024-09-03,Jaipur,27.6,0.0,False
2024-09-04,Jaipur,23.3,0.8,True
2024-09-05,Jaipur,26.4,0.0,False
2024-09-06,Jaipur,23.4,0.0,False
2024-09-07,Jaipur,26.9,0.6,True
2024-09-08,Jaipur,20.7,0.0,False
2024-09-09,Jaipur,29.1,0.0,False
2024-09-10,Jaipur,27.6,4.6,True
2024-09-11,Jaipur,22.6,11.0,True
2024-09-12,Jaipur,25.7,0.0,False
2024-09-13,Jaipur,21.0,33.4,True
2024-09-14,Jaipur,21.2,0.0,False
2024-09-15,Jaipur,24.2,0.0,False
2024-09-16,Jaipur,24.1,0.0,True
2024-09-17,Jaipur,27.0,0.0,False
2024-09-18,Jaipur,24.1,9.2,True
2024-09-19,Jaipur,25.0,4.8,True
2024-09-20,Jaipur,23.9,0.0,False
2024-09-21,Jaipur,21.4,41.4,True
2024-09-22,Jaipur,23.3,43.6,True
2024-09-23,Jaipur,22.3,0.0,False
2024-09-24,Jaipur,26.3,7.3,True
2024-09-25,Jaipur,19.4,12.8,True
2024-09-26,Jaipur,24.7,44.3,True
2024-09-27,Jaipur,19.2,12.2,True
2024-09-28,Jaipur,24.1,1.1,True
2024-09-29,Jaipur,21.7,0.0,False
2024-09-30,Jaipur,23.4,0.0,False
2024-10-01,Jaipur,25.2,0.7,True
2024-10-02,Jaipur,22.2,0.0,False
2024-10-03,Jaipur,17.3,0.0,False
2024-10-04,Jaipur,20.1,0.0,False
2024-10-05,Jaipur,21.4,0.0,False
2024-10-06,Jaipur,19.7,0.0,False
2024-10-07,Jaipur,20.3,0.0,False
2024-10-08,Jaipur,19.1,0.0,False
2024-10-09,Jaipur,25.0,0.0,False
2024-10-10,Jaipur,27.5,33.4,True
2024-10-11,Jaipur,19.2,0.0,False
2024-10-12,Jaipur,20.7,0.0,False
2024-10-13,Jaipur,18.1,12.1,True
2024-10-14,Jaipur,21.0,0.0,False
2024-10-15,Jaipur,17.4,0.0,False
2024-10-16,Jaipur,17.3,0.0,False
2024-10-17,Jaipur,19.1,21.9,True
2024-10-18,Jaipur,19.9,0.0,False
2024-10-19,Jaipur,19.1,0.0,False
2024-10-20,Jaipur,20.9,0.0,False
2024-10-21,Jaipur,17.9,0.0,False
2024-10-22,Jaipur,18.7,0.0,False
2024-10-23,Jaipur,22.0,0.0,False
2024-10-24,Jaipur,20.6,0.0,False
2024-10-25,Jaipur,18.6,0.0,False
2024-10-26,Jaipur,13.2,0.0,False
2024-10-27,Jaipur,19.2,0.0,False
2024-10-28,Jaipur,18.2,0.0,False
2024-10-29,Jaipur,14.9,0.0,False
2024-10-30,Jaipur,12.1,0.0,False
2024-10-31,Jaipur,22.2,0.0,False
2024-11-01,Jaipur,15.9,0.0,False
2024-11-02,Jaipur,17.0,0.0,False
2024-11-03,Jaipur,24.3,0.0,False
2024-11-04,Jaipur,15.2,0.0,False
2024-11-05,Jaipur,17.4,0.0,False
2024-11-06,Jaipur,21.0,0.0,False
2024-11-07,Jaipur,22.3,0.0,False
2024-11-08,Jaipur,18.7,0.0,False
2024-11-09,Jaipur,20.6,0.0,False
2024-11-10,Jaipur,16.8,0.0,False
2024-11-11,Jaipur,11.3,0.0,False
2024-11-12,Jaipur,20.1,0.0,False
2024-11-13,Jaipur,17.1,0.0,False
2024-11-14,Jaipur,16.4,0.0,False
2024-11-15,Jaipur,16.1,0.0,False
2024-11-16,Jaipur,18.8,0.8,True
2024-11-17,Jaipur,16.2,0.0,False
2024-11-18,Jaipur,11.7,0.0,False
2024-11-19,Jaipur,17.4,0.0,False
2024-11-20,Jaipur,16.9,0.0,False
2024-11-21,Jaipur,21.5,0.0,False
2024-11-22,Jaipur,17.9,0.0,False
2024-11-23,Jaipur,15.7,13.4,True
2024-11-24,Jaipur,17.0,0.0,False
2024-11-25,Jaipur,15.8,0.0,False
2024-11-26,Jaipur,16.2,0.0,False
2024-11-27,Jaipur,17.9,0.0,False
2024-11-28,Jaipur,18.6,0.0,False
2024-11-29,Jaipur,18.2,12.1,True
2024-11-30,Jaipur,13.4,0.0,False
2024-12-01,Jaipur,21.4,0.0,False
2024-12-02,Jaipur,20.0,0.0,False
2024-12-03,Jaipur,20.0,0.0,False
2024-12-04,Jaipur,16.5,0.0,False
2024-12-05,Jaipur,18.8,0.0,False
2024-12-06,Jaipur,12.2,0.0,False
2024-12-07,Jaipur,20.6,0.0,False
2024-12-08,Jaipur,16.9,0.0,False
2024-12-09,Jaipur,13.9,0.0,False
2024-12-10,Jaipur,16.1,0.0,False
2024-12-11,Jaipur,15.8,0.0,False
2024-12-12,Jaipur,16.2,0.0,False
2024-12-13,Jaipur,18.3,0.0,False
2024-12-14,Jaipur,19.6,0.0,False
2024-12-15,Jaipur,17.5,0.0,False
2024-12-16,Jaipur,19.8,0.0,False
2024-12-17,Jaipur,16.1,0.0,False
2024-12-18,Jaipur,20.3,0.0,False
2024-12-19,Jaipur,17.8,0.0,False
2024-12-20,Jaipur,19.7,0.0,False
2024-12-21,Jaipur,16.4,0.0,False
2024-12-22,Jaipur,17.9,0.0,False
2024-12-23,Jaipur,22.9,30.5,True
2024-12-24,Jaipur,15.7,0.0,False
2024-12-25,Jaipur,16.6,0.0,False
2024-12-26,Jaipur,14.0,0.0,False
2024-12-27,Jaipur,16.6,0.0,False
2024-12-28,Jaipur,18.2,0.0,False
2024-12-29,Jaipur,17.4,0.0,False
2024-12-30,Jaipur,20.5,0.0,False
2024-12-31,Jaipur,17.8,0.0,False
2025-01-01,Jaipur,22.5,0.0,False
2025-01-02,Jaipur,18.0,0.0,False
2025-01-03,Jaipur,13.5,0.0,False
2025-01-04,Jaipur,17.8,0.0,False
2025-01-05,Jaipur,14.9,0.0,False
2025-01-06,Jaipur,19.6,0.0,False
2025-01-07,Jaipur,17.4,0.0,False
2025-01-08,Jaipur,20.5,0.0,False
2025-01-09,Jaipur,20.4,0.0,False
2025-01-10,Jaipur,19.7,0.0,False
2025-01-11,Jaipur,22.6,0.0,False
2025-01-12,Jaipur,20.4,0.0,False
2025-01-13,Jaipur,18.6,0.0,False
2025-01-14,Jaipur,16.5,0.0,False
2025-01-15,Jaipur,19.7,0.0,False
2025-01-16,Jaipur,23.4,0.0,False
2025-01-17,Jaipur,22.3,0.0,False
2025-01-18,Jaipur,22.1,0.0,False
2025-01-19,Jaipur,23.6,0.0,False
2025-01-20,Jaipur,23.2,0.0,False
2025-01-21,Jaipur,24.0,0.0,False
2025-01-22,Jaipur,20.9,0.0,False
2025-01-23,Jaipur,20.1,0.0,False
2025-01-24,Jaipur,20.1,0.0,False
2025-01-25,Jaipur,21.4,0.0,False
2025-01-26,Jaipur,22.0,0.0,False
2025-01-27,Jaipur,21.8,0.0,False
2025-01-28,Jaipur,23.0,0.0,False
2025-01-29,Jaipur,27.6,0.0,False
2025-01-30,Jaipur,24.1,0.0,False
2025-01-31,Jaipur,24.0,0.0,False
2025-02-01,Jaipur,16.9,0.0,False
2025-02-02,Jaipur,22.1,0.0,False
2025-02-03,Jaipur,22.2,0.0,False
2025-02-04,Jaipur,18.3,0.0,False
2025-02-05,Jaipur,24.1,0.0,False
2025-02-06,Jaipur,21.7,0.0,False
2025-02-07,Jaipur,22.6,0.0,False
2025-02-08,Jaipur,26.1,0.0,False
2025-02-09,Jaipur,23.3,0.0,False
2025-02-10,Jaipur,20.3,3.9,True
2025-02-11,Jaipur,22.3,0.0,False
2025-02-12,Jaipur,26.7,0.0,False
2025-02-13,Jaipur,26.2,0.0,False
2025-02-14,Jaipur,26.0,0.0,False
2025-02-15,Jaipur,23.5,0.0,False
2025-02-16,Jaipur,19.0,0.0,False
2025-02-17,Jaipur,21.9,0.0,False
2025-02-18,Jaipur,24.5,0.0,False
2025-02-19,Jaipur,22.7,0.0,False
2025-02-20,Jaipur,27.7,0.0,False
2025-02-21,Jaipur,29.7,0.0,False
2025-02-22,Jaipur,26.6,0.0,False
2025-02-23,Jaipur,22.6,0.0,False
2025-02-24,Jaipur,29.4,0.0,False
2025-02-25,Jaipur,26.5,16.6,True
2025-02-26,Jaipur,23.7,12.5,True
2025-02-27,Jaipur,23.7,0.0,False
2025-02-28,Jaipur,25.8,0.0,False
2025-03-01,Jaipur,26.7,11.7,True
2025-03-02,Jaipur,25.0,0.0,False
2025-03-03,Jaipur,28.2,0.0,False
2025-03-04,Jaipur,30.1,1.3,True
2025-03-05,Jaipur,23.4,26.4,True
2025-03-06,Jaipur,31.5,3.7,True
2025-03-07,Jaipur,23.6,14.9,True
2025-03-08,Jaipur,34.4,0.0,False
2025-03-09,Jaipur,28.6,0.0,False
2025-03-10,Jaipur,24.6,0.0,False
2025-03-11,Jaipur,29.7,0.0,False
2025-03-12,Jaipur,23.1,0.0,False
2025-03-13,Jaipur,31.6,0.0,False
2025-03-14,Jaipur,32.3,0.0,False
2025-03-15,Jaipur,32.6,0.0,False
2025-03-16,Jaipur,33.5,,False
2025-03-17,Jaipur,24.6,0.0,False
2025-03-18,Jaipur,28.8,60.8,True
2025-03-19,Jaipur,34.1,0.0,False
2025-03-20,Jaipur,34.2,0.0,False
2025-03-21,Jaipur,28.1,0.0,False
2025-03-22,Jaipur,30.4,0.0,False
2025-03-23,Jaipur,27.5,0.0,False
2025-03-24,Jaipur,31.9,0.0,False
2025-03-25,Jaipur,29.7,0.0,False
2025-03-26,Jaipur,31.3,0.0,False
2025-03-27,Jaipur,30.6,0.0,False
2025-03-28,Jaipur,38.3,0.2,True
2025-03-29,Jaipur,30.7,5.9,True
2025-03-30,Jaipur,34.1,0.0,False
2025-03-31,Jaipur,34.6,0.0,False
2025-04-01,Jaipur,32.6,0.0,False
2025-04-02,Jaipur,35.0,0.0,False
2025-04-03,Jaipur,38.6,0.0,False
2025-04-04,Jaipur,31.6,0.0,False
2025-04-05,Jaipur,29.7,0.0,False
2025-04-06,Jaipur,38.5,0.0,False
2025-04-07,Jaipur,33.8,0.0,False
2025-04-08,Jaipur,35.6,0.0,False
2025-04-09,Jaipur,37.0,0.0,False
2025-04-10,Jaipur,34.7,0.0,False
2025-04-11,Jaipur,33.4,0.0,False
2025-04-12,Jaipur,31.6,0.0,False
2025-04-13,Jaipur,36.9,0.0,False
2025-04-14,Jaipur,34.5,0.0,False
2025-04-15,Jaipur,29.7,0.0,False
2025-04-16,Jaipur,39.2,0.0,False
2025-04-17,Jaipur,31.4,0.0,False
2025-04-18,Jaipur,36.9,0.0,False
2025-04-19,Jaipur,34.9,0.0,False
2025-04-20,Jaipur,30.5,0.0,False
2025-04-21,Jaipur,34.4,0.0,False
2025-04-22,Jaipur,33.9,0.0,False
2025-04-23,Jaipur,31.3,0.0,False
2025-04-24,Jaipur,36.1,0.0,False
2025-04-25,Jaipur,37.3,0.0,False
2025-04-26,Jaipur,35.0,0.0,False
2025-04-27,Jaipur,34.4,0.0,False
2025-04-28,Jaipur,36.7,0.0,False
2025-04-29,Jaipur,29.0,0.0,False
2025-04-30,Jaipur,34.4,0.0,False
2025-05-01,Jaipur,34.6,0.0,False
2025-05-02,Jaipur,35.7,1.3,True
2025-05-03,Jaipur,35.1,0.0,False
2025-05-04,Jaipur,34.9,0.0,False
2025-05-05,Jaipur,39.2,0.0,False
2025-05-06,Jaipur,38.6,0.0,False
2025-05-07,Jaipur,33.6,0.0,False
2025-05-08,Jaipur,36.9,0.0,False
2025-05-09,Jaipur,37.3,0.0,False
2025-05-10,Jaipur,35.9,0.0,False
2025-05-11,Jaipur,41.5,0.0,False
2025-05-12,Jaipur,37.1,0.0,False
2025-05-13,Jaipur,37.3,0.0,False
2025-05-14,Jaipur,35.5,0.0,False
2025-05-15,Jaipur,39.2,0.0,False
2025-05-16,Jaipur,39.0,0.0,False
2025-05-17,Jaipur,38.0,0.0,False
2025-05-18,Jaipur,44.7,0.0,False
2025-05-19,Jaipur,34.1,0.0,False
2025-05-20,Jaipur,40.7,0.0,False
2025-05-21,Jaipur,35.0,0.0,False
2025-05-22,Jaipur,36.2,0.0,False
2025-05-23,Jaipur,39.6,7.7,True
2025-05-24,Jaipur,33.5,0.0,False
2025-05-25,Jaipur,37.6,0.0,False
2025-05-26,Jaipur,34.1,0.0,False
2025-05-27,Jaipur,39.8,0.0,False
2025-05-28,Jaipur,35.3,0.0,False
2025-05-29,Jaipur,37.1,0.0,False
2025-05-30,Jaipur,37.8,0.0,False
2025-05-31,Jaipur,37.5,0.0,False
2025-06-01,Jaipur,39.2,32.5,True
2025-06-02,Jaipur,42.8,27.9,True
2025-06-03,Jaipur,38.4,7.6,True
2025-06-04,Jaipur,36.4,0.0,False
2025-06-05,Jaipur,38.8,3.8,True
2025-06-06,Jaipur,40.3,0.0,False
2025-06-07,Jaipur,36.7,9.8,True
2025-06-08,Jaipur,38.6,0.8,True
2025-06-09,Jaipur,38.5,17.4,True
2025-06-10,Jaipur,38.6,2.2,True
2025-06-11,Jaipur,36.0,,False
2025-06-12,Jaipur,32.3,2.6,True
2025-06-13,Jaipur,39.7,20.3,True
2025-06-14,Jaipur,33.0,0.0,False
2025-06-15,Jaipur,37.0,,False
2025-06-16,Jaipur,40.8,0.0,False
2025-06-17,Jaipur,34.4,0.0,False
2025-06-18,Jaipur,34.8,0.0,False
2025-06-19,Jaipur,38.4,0.0,False
2025-06-20,Jaipur,35.8,0.0,False
2025-06-21,Jaipur,38.1,0.0,False
2025-06-22,Jaipur,35.6,10.9,True
2025-06-23,Jaipur,36.4,0.0,False
2025-06-24,Jaipur,36.9,28.0,True
2025-06-25,Jaipur,34.0,40.0,True
2025-06-26,Jaipur,36.2,0.0,False
2025-06-27,Jaipur,32.8,31.1,True
2025-06-28,Jaipur,36.9,3.6,True
2025-06-29,Jaipur,35.5,,True
2025-06-30,Jaipur,35.0,0.0,False
2025-07-01,Jaipur,36.1,3.4,True
2025-07-02,Jaipur,33.6,6.1,True
2025-07-03,Jaipur,37.1,14.9,True
2025-07-04,Jaipur,36.3,3.0,True
2025-07-05,Jaipur,34.7,63.4,True
2025-07-06,Jaipur,33.7,0.0,False
2025-07-07,Jaipur,32.2,14.7,True
2025-07-08,Jaipur,31.0,13.4,True
2025-07-09,Jaipur,33.0,0.0,False
2025-07-10,Jaipur,32.3,0.0,False
2025-07-11,Jaipur,38.0,0.0,False
2025-07-12,Jaipur,37.1,6.2,True
2025-07-13,Jaipur,35.6,4.3,True
2025-07-14,Jaipur,37.0,19.3,True
2025-07-15,Jaipur,34.4,7.7,True
2025-07-16,Jaipur,31.8,0.0,False
2025-07-17,Jaipur,29.6,0.0,False
2025-07-18,Jaipur,33.5,1.7,True
2025-07-19,Jaipur,31.3,11.7,True
2025-07-20,Jaipur,34.2,0.0,False
2025-07-21,Jaipur,31.9,2.5,True
2025-07-22,Jaipur,33.6,19.2,True
2025-07-23,Jaipur,32.9,8.0,True
2025-07-24,Jaipur,32.7,8.5,True
2025-07-25,Jaipur,30.4,11.7,True
2025-07-26,Jaipur,32.0,0.0,False
2025-07-27,Jaipur,30.6,0.9,True
2025-07-28,Jaipur,32.5,6.9,True
2025-07-29,Jaipur,31.0,0.0,False
2025-07-30,Jaipur,35.3,0.0,False
2025-07-31,Jaipur,36.9,0.0,False
2025-08-01,Jaipur,31.2,4.5,True
2025-08-02,Jaipur,30.7,4.7,True
2025-08-03,Jaipur,30.8,0.0,False
2025-08-04,Jaipur,29.3,0.0,False
2025-08-05,Jaipur,32.7,0.0,False
2025-08-06,Jaipur,27.9,0.0,False
2025-08-07,Jaipur,28.6,22.4,True
2025-08-08,Jaipur,28.3,0.0,False
2025-08-09,Jaipur,29.8,4.8,True
2025-08-10,Jaipur,32.0,0.0,False
2025-08-11,Jaipur,28.1,0.0,False
2025-08-12,Jaipur,31.0,0.0,False
2025-08-13,Jaipur,31.0,14.5,True
2025-08-14,Jaipur,31.1,19.5,True
2025-08-15,Jaipur,31.7,39.1,True
2025-08-16,Jaipur,36.7,0.0,False
2025-08-17,Jaipur,29.9,0.3,True
2025-08-18,Jaipur,28.6,0.0,False
2025-08-19,Jaipur,28.3,0.0,False
2025-08-20,Jaipur,27.6,0.0,False
2025-08-21,Jaipur,28.0,6.4,True
2025-08-22,Jaipur,27.6,0.0,False
2025-08-23,Jaipur,30.6,2.7,True
2025-08-24,Jaipur,25.5,0.0,False
2025-08-25,Jaipur,32.2,12.0,True
2025-08-26,Jaipur,25.4,0.0,False
2025-08-27,Jaipur,25.9,15.9,True
2025-08-28,Jaipur,26.0,0.3,True
2025-08-29,Jaipur,24.5,0.0,False
2025-08-30,Jaipur,24.2,0.0,False
2025-08-31,Jaipur,29.0,7.8,True
2025-09-01,Jaipur,31.1,7.0,True
2025-09-02,Jaipur,28.0,24.0,True
2025-09-03,Jaipur,24.9,5.3,True
2025-09-04,Jaipur,28.5,0.0,False
2025-09-05,Jaipur,28.4,61.1,True
2025-09-06,Jaipur,20.0,0.0,False
2025-09-07,Jaipur,20.0,0.0,False
2025-09-08,Jaipur,25.1,48.3,True
2025-09-09,Jaipur,29.2,0.0,False
2025-09-10,Jaipur,24.6,0.0,False
2025-09-11,Jaipur,28.9,0.0,False
2025-09-12,Jaipur,27.2,0.0,False
2025-09-13,Jaipur,23.3,49.8,True
2025-09-14,Jaipur,21.9,2.5,True
2025-09-15,Jaipur,19.4,17.2,True
2025-09-16,Jaipur,24.1,22.1,True
2025-09-17,Jaipur,22.3,7.9,True
2025-09-18,Jaipur,23.3,14.1,True
2025-09-19,Jaipur,24.8,0.0,False
2025-09-20,Jaipur,22.0,6.0,True
2025-09-21,Jaipur,24.3,0.0,False
2025-09-22,Jaipur,23.9,7.1,True
2025-09-23,Jaipur,25.7,0.0,False
2025-09-24,Jaipur,22.8,7.7,True
2025-09-25,Jaipur,26.8,4.2,True
2025-09-26,Jaipur,19.4,0.4,True
2025-09-27,Jaipur,23.6,8.0,True
2025-09-28,Jaipur,19.8,0.0,False
2025-09-29,Jaipur,19.2,18.0,True
2025-09-30,Jaipur,13.8,69.4,True
2025-10-01,Jaipur,21.3,0.0,False
2025-10-02,Jaipur,26.1,0.0,False
2025-10-03,Jaipur,22.4,0.0,False
2025-10-04,Jaipur,23.6,0.0,False
2025-10-05,Jaipur,22.0,0.0,False
2025-10-06,Jaipur,15.1,0.0,False
2025-10-07,Jaipur,25.0,0.0,False
2025-10-08,Jaipur,17.3,0.0,False
2025-10-09,Jaipur,19.0,0.0,False
2025-10-10,Jaipur,17.4,0.0,False
2025-10-11,Jaipur,16.8,0.0,False
2025-10-12,Jaipur,15.0,14.3,True
2025-10-13,Jaipur,23.0,0.0,False
2025-10-14,Jaipur,22.9,7.8,True
2025-10-15,Jaipur,19.3,0.0,False
2025-10-16,Jaipur,20.7,38.9,True
2025-10-17,Jaipur,21.4,0.0,False
2025-10-18,Jaipur,20.6,0.0,False
2025-10-19,Jaipur,15.3,0.0,False
2025-10-20,Jaipur,21.1,0.0,False
2025-10-21,Jaipur,21.1,0.0,False
2025-10-22,Jaipur,20.2,0.0,False
2025-10-23,Jaipur,18.1,0.0,False
2025-10-24,Jaipur,22.7,0.0,False
2025-10-25,Jaipur,16.5,0.0,False
2025-10-26,Jaipur,21.6,0.0,False
2025-10-27,Jaipur,16.3,0.0,False
2025-10-28,Jaipur,21.1,0.0,False
2025-10-29,Jaipur,16.2,0.0,False
2025-10-30,Jaipur,20.7,0.0,False
2025-10-31,Jaipur,22.6,0.0,False
2025-11-01,Jaipur,22.6,0.0,False
2025-11-02,Jaipur,21.8,0.0,False
2025-11-03,Jaipur,14.8,0.0,False
2025-11-04,Jaipur,18.1,0.0,False
2025-11-05,Jaipur,16.5,0.0,False
2025-11-06,Jaipur,11.7,0.0,False
2025-11-07,Jaipur,17.5,0.0,False
2025-11-08,Jaipur,20.4,0.0,False
2025-11-09,Jaipur,19.3,0.0,False
2025-11-10,Jaipur,23.4,0.0,False
2025-11-11,Jaipur,16.4,0.0,False
2025-11-12,Jaipur,22.0,0.0,False
2025-11-13,Jaipur,17.4,0.0,False
2025-11-14,Jaipur,15.0,0.0,False
2025-11-15,Jaipur,18.2,0.0,False
2025-11-16,Jaipur,18.9,0.0,False
2025-11-17,Jaipur,20.6,0.0,False
2025-11-18,Jaipur,16.0,0.0,False
2025-11-19,Jaipur,18.1,0.0,False
2025-11-20,Jaipur,17.3,0.0,False
2025-11-21,Jaipur,16.4,0.0,False
2025-11-22,Jaipur,21.3,0.0,False
2025-11-23,Jaipur,18.7,,False
2025-11-24,Jaipur,11.9,0.0,False
2025-11-25,Jaipur,18.0,0.0,False
2025-11-26,Jaipur,13.3,0.0,False
2025-11-27,Jaipur,17.7,0.0,False
2025-11-28,Jaipur,13.6,0.0,False
2025-11-29,Jaipur,18.6,0.0,False
2025-11-30,Jaipur,13.2,0.0,False
2025-12-01,Jaipur,14.8,0.0,False
2025-12-02,Jaipur,19.2,0.0,False
2025-12-03,Jaipur,17.2,0.0,False
2025-12-04,Jaipur,13.8,0.0,False
2025-12-05,Jaipur,21.1,0.0,False
2025-12-06,Jaipur,16.2,0.0,False
2025-12-07,Jaipur,16.6,0.0,False
2025-12-08,Jaipur,16.9,0.0,False
2025-12-09,Jaipur,19.0,0.0,False
2025-12-10,Jaipur,16.5,0.0,False
2025-12-11,Jaipur,17.0,0.0,False
2025-12-12,Jaipur,20.3,0.0,False
2025-12-13,Jaipur,20.0,0.0,False
2025-12-14,Jaipur,17.0,0.0,False
2025-12-15,Jaipur,17.1,0.0,False
2025-12-16,Jaipur,11.4,0.0,False
2025-12-17,Jaipur,18.1,0.0,False
2025-12-18,Jaipur,19.8,0.0,False
2025-12-19,Jaipur,16.7,0.0,False
2025-12-20,Jaipur,21.2,0.0,False
2025-12-21,Jaipur,22.4,0.0,False
2025-12-22,Jaipur,13.7,0.0,False
2025-12-23,Jaipur,15.7,,False
2025-12-24,Jaipur,21.2,0.0,False
2025-12-25,Jaipur,20.1,0.0,False
2025-12-26,Jaipur,13.9,0.0,False
2025-12-27,Jaipur,14.3,0.0,False
2025-12-28,Jaipur,19.8,1.8,True
2025-12-29,Jaipur,19.4,0.0,False
2025-12-30,Jaipur,18.0,0.0,False
2025-12-31,Jaipur,21.9,0.0,False
